id,name,event_detail,day,time,area_id,area_detail,genre_id,user_id
4,バスケしよう01,バスケバスケバスケバスケバスケバスケバスケバスケバスケバスケバスケバスケバスケバスケバスケバスケバスケバスケバスケバスケバスケバスケバスケバスケバスケバスケバスケバスケバスケバスケバスケバスケバスケバスケバスケバスケバスケバスケバスケバスケバスケバスケバスケバスケバスケバスケバスケバスケバスケバスケバスケバスケバスケバスケバスケバスケバスケバスケバスケバスケバスケバスケバスケバスケバスケバスケバスケバスケバスケバスケバスケバスケ,2021-04-01,10:00:00,4,あの場所あの場所あの場所あの場所あの場所あの場所あの場所あの場所あの場所あの場所あの場所あの場所あの場所あの場所あの場所あの場所あの場所あの場所あの場所あの場所あの場所あの場所あの場所あの場所あの場所あの場所あの場所あの場所あの場所あの場所あの場所あの場所あの場所あの場所あの場所あの場所あの場所あの場所あの場所あの場所あの場所あの場所あの場所あの場所あの場所あの場所あの場所あの場所あの場所あの場所あの場所あの場所あの場所あの場所あの場所あの場所あの場所あの場所あの場所あの場所あの場所あの場所あの場所あの場所あの場所あの場所あの場所あの場所あの場所あの場所あの場所あの場所あの場所あの場所あの場所あの場所あの場所あの場所あの場所あの場所あの場所あの場所あの場所あの場所あの場所,1,10
5,バスケしよう02,バスケバスケバスケバスケバスケバスケバスケバスケバスケバスケバスケバスケバスケバスケバスケバスケバスケバスケバスケバスケバスケバスケバスケバスケバスケバスケバスケバスケバスケバスケバスケバスケバスケバスケバスケバスケバスケバスケバスケバスケバスケバスケバスケバスケバスケバスケバスケバスケバスケバスケバスケバスケバスケバスケバスケバスケバスケバスケバスケバスケバスケバスケバスケバスケバスケバスケバスケバスケバスケバスケバスケバスケ,2021-04-02,15:00:00,13,あの場所あの場所あの場所あの場所あの場所あの場所あの場所あの場所あの場所あの場所あの場所あの場所あの場所あの場所あの場所あの場所あの場所あの場所あの場所あの場所あの場所あの場所あの場所あの場所あの場所あの場所あの場所あの場所あの場所あの場所あの場所あの場所あの場所あの場所あの場所あの場所あの場所あの場所あの場所あの場所あの場所あの場所あの場所あの場所あの場所あの場所あの場所あの場所あの場所あの場所あの場所あの場所あの場所あの場所あの場所あの場所あの場所あの場所あの場所あの場所あの場所あの場所あの場所あの場所あの場所あの場所あの場所あの場所あの場所あの場所あの場所あの場所あの場所あの場所あの場所あの場所あの場所あの場所あの場所あの場所あの場所あの場所あの場所あの場所あの場所,1,11
6,バスケしよう03,バスケバスケバスケバスケバスケバスケバスケバスケバスケバスケバスケバスケバスケバスケバスケバスケバスケバスケバスケバスケバスケバスケバスケバスケバスケバスケバスケバスケバスケバスケバスケバスケバスケバスケバスケバスケバスケバスケバスケバスケバスケバスケバスケバスケバスケバスケバスケバスケバスケバスケバスケバスケバスケバスケバスケバスケバスケバスケバスケバスケバスケバスケバスケバスケバスケバスケバスケバスケバスケバスケバスケバスケ,2021-04-03,18:00:00,16,あの場所あの場所あの場所あの場所あの場所あの場所あの場所あの場所あの場所あの場所あの場所あの場所あの場所あの場所あの場所あの場所あの場所あの場所あの場所あの場所あの場所あの場所あの場所あの場所あの場所あの場所あの場所あの場所あの場所あの場所あの場所あの場所あの場所あの場所あの場所あの場所あの場所あの場所あの場所あの場所あの場所あの場所あの場所あの場所あの場所あの場所あの場所あの場所あの場所あの場所あの場所あの場所あの場所あの場所あの場所あの場所あの場所あの場所あの場所あの場所あの場所あの場所あの場所あの場所あの場所あの場所あの場所あの場所あの場所あの場所あの場所あの場所あの場所あの場所あの場所あの場所あの場所あの場所あの場所あの場所あの場所あの場所あの場所あの場所あの場所,1,12
7,バスケしよう04,バスケバスケバスケバスケバスケバスケバスケバスケバスケバスケバスケバスケバスケバスケバスケバスケバスケバスケバスケバスケバスケバスケバスケバスケバスケバスケバスケバスケバスケバスケバスケバスケバスケバスケバスケバスケバスケバスケバスケバスケバスケバスケバスケバスケバスケバスケバスケバスケバスケバスケバスケバスケバスケバスケバスケバスケバスケバスケバスケバスケバスケバスケバスケバスケバスケバスケバスケバスケバスケバスケバスケバスケ,2021-04-04,10:00:00,3,あの場所あの場所あの場所あの場所あの場所あの場所あの場所あの場所あの場所あの場所あの場所あの場所あの場所あの場所あの場所あの場所あの場所あの場所あの場所あの場所あの場所あの場所あの場所あの場所あの場所あの場所あの場所あの場所あの場所あの場所あの場所あの場所あの場所あの場所あの場所あの場所あの場所あの場所あの場所あの場所あの場所あの場所あの場所あの場所あの場所あの場所あの場所あの場所あの場所あの場所あの場所あの場所あの場所あの場所あの場所あの場所あの場所あの場所あの場所あの場所あの場所あの場所あの場所あの場所あの場所あの場所あの場所あの場所あの場所あの場所あの場所あの場所あの場所あの場所あの場所あの場所あの場所あの場所あの場所あの場所あの場所あの場所あの場所あの場所あの場所,1,13
8,バスケしよう05,バスケバスケバスケバスケバスケバスケバスケバスケバスケバスケバスケバスケバスケバスケバスケバスケバスケバスケバスケバスケバスケバスケバスケバスケバスケバスケバスケバスケバスケバスケバスケバスケバスケバスケバスケバスケバスケバスケバスケバスケバスケバスケバスケバスケバスケバスケバスケバスケバスケバスケバスケバスケバスケバスケバスケバスケバスケバスケバスケバスケバスケバスケバスケバスケバスケバスケバスケバスケバスケバスケバスケバスケ,2021-04-05,15:00:00,10,あの場所あの場所あの場所あの場所あの場所あの場所あの場所あの場所あの場所あの場所あの場所あの場所あの場所あの場所あの場所あの場所あの場所あの場所あの場所あの場所あの場所あの場所あの場所あの場所あの場所あの場所あの場所あの場所あの場所あの場所あの場所あの場所あの場所あの場所あの場所あの場所あの場所あの場所あの場所あの場所あの場所あの場所あの場所あの場所あの場所あの場所あの場所あの場所あの場所あの場所あの場所あの場所あの場所あの場所あの場所あの場所あの場所あの場所あの場所あの場所あの場所あの場所あの場所あの場所あの場所あの場所あの場所あの場所あの場所あの場所あの場所あの場所あの場所あの場所あの場所あの場所あの場所あの場所あの場所あの場所あの場所あの場所あの場所あの場所あの場所,1,14
9,バスケしよう06,バスケバスケバスケバスケバスケバスケバスケバスケバスケバスケバスケバスケバスケバスケバスケバスケバスケバスケバスケバスケバスケバスケバスケバスケバスケバスケバスケバスケバスケバスケバスケバスケバスケバスケバスケバスケバスケバスケバスケバスケバスケバスケバスケバスケバスケバスケバスケバスケバスケバスケバスケバスケバスケバスケバスケバスケバスケバスケバスケバスケバスケバスケバスケバスケバスケバスケバスケバスケバスケバスケバスケバスケ,2021-04-06,18:00:00,14,あの場所あの場所あの場所あの場所あの場所あの場所あの場所あの場所あの場所あの場所あの場所あの場所あの場所あの場所あの場所あの場所あの場所あの場所あの場所あの場所あの場所あの場所あの場所あの場所あの場所あの場所あの場所あの場所あの場所あの場所あの場所あの場所あの場所あの場所あの場所あの場所あの場所あの場所あの場所あの場所あの場所あの場所あの場所あの場所あの場所あの場所あの場所あの場所あの場所あの場所あの場所あの場所あの場所あの場所あの場所あの場所あの場所あの場所あの場所あの場所あの場所あの場所あの場所あの場所あの場所あの場所あの場所あの場所あの場所あの場所あの場所あの場所あの場所あの場所あの場所あの場所あの場所あの場所あの場所あの場所あの場所あの場所あの場所あの場所あの場所,1,15
10,バスケしよう07,バスケバスケバスケバスケバスケバスケバスケバスケバスケバスケバスケバスケバスケバスケバスケバスケバスケバスケバスケバスケバスケバスケバスケバスケバスケバスケバスケバスケバスケバスケバスケバスケバスケバスケバスケバスケバスケバスケバスケバスケバスケバスケバスケバスケバスケバスケバスケバスケバスケバスケバスケバスケバスケバスケバスケバスケバスケバスケバスケバスケバスケバスケバスケバスケバスケバスケバスケバスケバスケバスケバスケバスケ,2021-04-07,10:00:00,4,あの場所あの場所あの場所あの場所あの場所あの場所あの場所あの場所あの場所あの場所あの場所あの場所あの場所あの場所あの場所あの場所あの場所あの場所あの場所あの場所あの場所あの場所あの場所あの場所あの場所あの場所あの場所あの場所あの場所あの場所あの場所あの場所あの場所あの場所あの場所あの場所あの場所あの場所あの場所あの場所あの場所あの場所あの場所あの場所あの場所あの場所あの場所あの場所あの場所あの場所あの場所あの場所あの場所あの場所あの場所あの場所あの場所あの場所あの場所あの場所あの場所あの場所あの場所あの場所あの場所あの場所あの場所あの場所あの場所あの場所あの場所あの場所あの場所あの場所あの場所あの場所あの場所あの場所あの場所あの場所あの場所あの場所あの場所あの場所あの場所,1,16
11,バスケしよう08,バスケバスケバスケバスケバスケバスケバスケバスケバスケバスケバスケバスケバスケバスケバスケバスケバスケバスケバスケバスケバスケバスケバスケバスケバスケバスケバスケバスケバスケバスケバスケバスケバスケバスケバスケバスケバスケバスケバスケバスケバスケバスケバスケバスケバスケバスケバスケバスケバスケバスケバスケバスケバスケバスケバスケバスケバスケバスケバスケバスケバスケバスケバスケバスケバスケバスケバスケバスケバスケバスケバスケバスケ,2021-04-08,15:00:00,13,あの場所あの場所あの場所あの場所あの場所あの場所あの場所あの場所あの場所あの場所あの場所あの場所あの場所あの場所あの場所あの場所あの場所あの場所あの場所あの場所あの場所あの場所あの場所あの場所あの場所あの場所あの場所あの場所あの場所あの場所あの場所あの場所あの場所あの場所あの場所あの場所あの場所あの場所あの場所あの場所あの場所あの場所あの場所あの場所あの場所あの場所あの場所あの場所あの場所あの場所あの場所あの場所あの場所あの場所あの場所あの場所あの場所あの場所あの場所あの場所あの場所あの場所あの場所あの場所あの場所あの場所あの場所あの場所あの場所あの場所あの場所あの場所あの場所あの場所あの場所あの場所あの場所あの場所あの場所あの場所あの場所あの場所あの場所あの場所あの場所,1,17
12,バスケしよう09,バスケバスケバスケバスケバスケバスケバスケバスケバスケバスケバスケバスケバスケバスケバスケバスケバスケバスケバスケバスケバスケバスケバスケバスケバスケバスケバスケバスケバスケバスケバスケバスケバスケバスケバスケバスケバスケバスケバスケバスケバスケバスケバスケバスケバスケバスケバスケバスケバスケバスケバスケバスケバスケバスケバスケバスケバスケバスケバスケバスケバスケバスケバスケバスケバスケバスケバスケバスケバスケバスケバスケバスケ,2021-04-09,18:00:00,16,あの場所あの場所あの場所あの場所あの場所あの場所あの場所あの場所あの場所あの場所あの場所あの場所あの場所あの場所あの場所あの場所あの場所あの場所あの場所あの場所あの場所あの場所あの場所あの場所あの場所あの場所あの場所あの場所あの場所あの場所あの場所あの場所あの場所あの場所あの場所あの場所あの場所あの場所あの場所あの場所あの場所あの場所あの場所あの場所あの場所あの場所あの場所あの場所あの場所あの場所あの場所あの場所あの場所あの場所あの場所あの場所あの場所あの場所あの場所あの場所あの場所あの場所あの場所あの場所あの場所あの場所あの場所あの場所あの場所あの場所あの場所あの場所あの場所あの場所あの場所あの場所あの場所あの場所あの場所あの場所あの場所あの場所あの場所あの場所あの場所,1,18
13,バスケしよう10,バスケバスケバスケバスケバスケバスケバスケバスケバスケバスケバスケバスケバスケバスケバスケバスケバスケバスケバスケバスケバスケバスケバスケバスケバスケバスケバスケバスケバスケバスケバスケバスケバスケバスケバスケバスケバスケバスケバスケバスケバスケバスケバスケバスケバスケバスケバスケバスケバスケバスケバスケバスケバスケバスケバスケバスケバスケバスケバスケバスケバスケバスケバスケバスケバスケバスケバスケバスケバスケバスケバスケバスケ,2021-04-10,10:00:00,3,あの場所あの場所あの場所あの場所あの場所あの場所あの場所あの場所あの場所あの場所あの場所あの場所あの場所あの場所あの場所あの場所あの場所あの場所あの場所あの場所あの場所あの場所あの場所あの場所あの場所あの場所あの場所あの場所あの場所あの場所あの場所あの場所あの場所あの場所あの場所あの場所あの場所あの場所あの場所あの場所あの場所あの場所あの場所あの場所あの場所あの場所あの場所あの場所あの場所あの場所あの場所あの場所あの場所あの場所あの場所あの場所あの場所あの場所あの場所あの場所あの場所あの場所あの場所あの場所あの場所あの場所あの場所あの場所あの場所あの場所あの場所あの場所あの場所あの場所あの場所あの場所あの場所あの場所あの場所あの場所あの場所あの場所あの場所あの場所あの場所,1,19
14,バスケしよう11,バスケバスケバスケバスケバスケバスケバスケバスケバスケバスケバスケバスケバスケバスケバスケバスケバスケバスケバスケバスケバスケバスケバスケバスケバスケバスケバスケバスケバスケバスケバスケバスケバスケバスケバスケバスケバスケバスケバスケバスケバスケバスケバスケバスケバスケバスケバスケバスケバスケバスケバスケバスケバスケバスケバスケバスケバスケバスケバスケバスケバスケバスケバスケバスケバスケバスケバスケバスケバスケバスケバスケバスケ,2021-04-11,15:00:00,10,あの場所あの場所あの場所あの場所あの場所あの場所あの場所あの場所あの場所あの場所あの場所あの場所あの場所あの場所あの場所あの場所あの場所あの場所あの場所あの場所あの場所あの場所あの場所あの場所あの場所あの場所あの場所あの場所あの場所あの場所あの場所あの場所あの場所あの場所あの場所あの場所あの場所あの場所あの場所あの場所あの場所あの場所あの場所あの場所あの場所あの場所あの場所あの場所あの場所あの場所あの場所あの場所あの場所あの場所あの場所あの場所あの場所あの場所あの場所あの場所あの場所あの場所あの場所あの場所あの場所あの場所あの場所あの場所あの場所あの場所あの場所あの場所あの場所あの場所あの場所あの場所あの場所あの場所あの場所あの場所あの場所あの場所あの場所あの場所あの場所,1,20
15,バスケしよう12,バスケバスケバスケバスケバスケバスケバスケバスケバスケバスケバスケバスケバスケバスケバスケバスケバスケバスケバスケバスケバスケバスケバスケバスケバスケバスケバスケバスケバスケバスケバスケバスケバスケバスケバスケバスケバスケバスケバスケバスケバスケバスケバスケバスケバスケバスケバスケバスケバスケバスケバスケバスケバスケバスケバスケバスケバスケバスケバスケバスケバスケバスケバスケバスケバスケバスケバスケバスケバスケバスケバスケバスケ,2021-04-12,18:00:00,14,あの場所あの場所あの場所あの場所あの場所あの場所あの場所あの場所あの場所あの場所あの場所あの場所あの場所あの場所あの場所あの場所あの場所あの場所あの場所あの場所あの場所あの場所あの場所あの場所あの場所あの場所あの場所あの場所あの場所あの場所あの場所あの場所あの場所あの場所あの場所あの場所あの場所あの場所あの場所あの場所あの場所あの場所あの場所あの場所あの場所あの場所あの場所あの場所あの場所あの場所あの場所あの場所あの場所あの場所あの場所あの場所あの場所あの場所あの場所あの場所あの場所あの場所あの場所あの場所あの場所あの場所あの場所あの場所あの場所あの場所あの場所あの場所あの場所あの場所あの場所あの場所あの場所あの場所あの場所あの場所あの場所あの場所あの場所あの場所あの場所,1,21
16,バスケしよう13,バスケバスケバスケバスケバスケバスケバスケバスケバスケバスケバスケバスケバスケバスケバスケバスケバスケバスケバスケバスケバスケバスケバスケバスケバスケバスケバスケバスケバスケバスケバスケバスケバスケバスケバスケバスケバスケバスケバスケバスケバスケバスケバスケバスケバスケバスケバスケバスケバスケバスケバスケバスケバスケバスケバスケバスケバスケバスケバスケバスケバスケバスケバスケバスケバスケバスケバスケバスケバスケバスケバスケバスケ,2021-04-13,10:00:00,4,あの場所あの場所あの場所あの場所あの場所あの場所あの場所あの場所あの場所あの場所あの場所あの場所あの場所あの場所あの場所あの場所あの場所あの場所あの場所あの場所あの場所あの場所あの場所あの場所あの場所あの場所あの場所あの場所あの場所あの場所あの場所あの場所あの場所あの場所あの場所あの場所あの場所あの場所あの場所あの場所あの場所あの場所あの場所あの場所あの場所あの場所あの場所あの場所あの場所あの場所あの場所あの場所あの場所あの場所あの場所あの場所あの場所あの場所あの場所あの場所あの場所あの場所あの場所あの場所あの場所あの場所あの場所あの場所あの場所あの場所あの場所あの場所あの場所あの場所あの場所あの場所あの場所あの場所あの場所あの場所あの場所あの場所あの場所あの場所あの場所,1,22
17,バスケしよう14,バスケバスケバスケバスケバスケバスケバスケバスケバスケバスケバスケバスケバスケバスケバスケバスケバスケバスケバスケバスケバスケバスケバスケバスケバスケバスケバスケバスケバスケバスケバスケバスケバスケバスケバスケバスケバスケバスケバスケバスケバスケバスケバスケバスケバスケバスケバスケバスケバスケバスケバスケバスケバスケバスケバスケバスケバスケバスケバスケバスケバスケバスケバスケバスケバスケバスケバスケバスケバスケバスケバスケバスケ,2021-04-14,15:00:00,13,あの場所あの場所あの場所あの場所あの場所あの場所あの場所あの場所あの場所あの場所あの場所あの場所あの場所あの場所あの場所あの場所あの場所あの場所あの場所あの場所あの場所あの場所あの場所あの場所あの場所あの場所あの場所あの場所あの場所あの場所あの場所あの場所あの場所あの場所あの場所あの場所あの場所あの場所あの場所あの場所あの場所あの場所あの場所あの場所あの場所あの場所あの場所あの場所あの場所あの場所あの場所あの場所あの場所あの場所あの場所あの場所あの場所あの場所あの場所あの場所あの場所あの場所あの場所あの場所あの場所あの場所あの場所あの場所あの場所あの場所あの場所あの場所あの場所あの場所あの場所あの場所あの場所あの場所あの場所あの場所あの場所あの場所あの場所あの場所あの場所,1,23
18,バスケしよう15,バスケバスケバスケバスケバスケバスケバスケバスケバスケバスケバスケバスケバスケバスケバスケバスケバスケバスケバスケバスケバスケバスケバスケバスケバスケバスケバスケバスケバスケバスケバスケバスケバスケバスケバスケバスケバスケバスケバスケバスケバスケバスケバスケバスケバスケバスケバスケバスケバスケバスケバスケバスケバスケバスケバスケバスケバスケバスケバスケバスケバスケバスケバスケバスケバスケバスケバスケバスケバスケバスケバスケバスケ,2021-04-15,18:00:00,16,あの場所あの場所あの場所あの場所あの場所あの場所あの場所あの場所あの場所あの場所あの場所あの場所あの場所あの場所あの場所あの場所あの場所あの場所あの場所あの場所あの場所あの場所あの場所あの場所あの場所あの場所あの場所あの場所あの場所あの場所あの場所あの場所あの場所あの場所あの場所あの場所あの場所あの場所あの場所あの場所あの場所あの場所あの場所あの場所あの場所あの場所あの場所あの場所あの場所あの場所あの場所あの場所あの場所あの場所あの場所あの場所あの場所あの場所あの場所あの場所あの場所あの場所あの場所あの場所あの場所あの場所あの場所あの場所あの場所あの場所あの場所あの場所あの場所あの場所あの場所あの場所あの場所あの場所あの場所あの場所あの場所あの場所あの場所あの場所あの場所,1,24
19,バスケしよう16,バスケバスケバスケバスケバスケバスケバスケバスケバスケバスケバスケバスケバスケバスケバスケバスケバスケバスケバスケバスケバスケバスケバスケバスケバスケバスケバスケバスケバスケバスケバスケバスケバスケバスケバスケバスケバスケバスケバスケバスケバスケバスケバスケバスケバスケバスケバスケバスケバスケバスケバスケバスケバスケバスケバスケバスケバスケバスケバスケバスケバスケバスケバスケバスケバスケバスケバスケバスケバスケバスケバスケバスケ,2021-04-16,10:00:00,3,あの場所あの場所あの場所あの場所あの場所あの場所あの場所あの場所あの場所あの場所あの場所あの場所あの場所あの場所あの場所あの場所あの場所あの場所あの場所あの場所あの場所あの場所あの場所あの場所あの場所あの場所あの場所あの場所あの場所あの場所あの場所あの場所あの場所あの場所あの場所あの場所あの場所あの場所あの場所あの場所あの場所あの場所あの場所あの場所あの場所あの場所あの場所あの場所あの場所あの場所あの場所あの場所あの場所あの場所あの場所あの場所あの場所あの場所あの場所あの場所あの場所あの場所あの場所あの場所あの場所あの場所あの場所あの場所あの場所あの場所あの場所あの場所あの場所あの場所あの場所あの場所あの場所あの場所あの場所あの場所あの場所あの場所あの場所あの場所あの場所,1,25
20,バスケしよう17,バスケバスケバスケバスケバスケバスケバスケバスケバスケバスケバスケバスケバスケバスケバスケバスケバスケバスケバスケバスケバスケバスケバスケバスケバスケバスケバスケバスケバスケバスケバスケバスケバスケバスケバスケバスケバスケバスケバスケバスケバスケバスケバスケバスケバスケバスケバスケバスケバスケバスケバスケバスケバスケバスケバスケバスケバスケバスケバスケバスケバスケバスケバスケバスケバスケバスケバスケバスケバスケバスケバスケバスケ,2021-04-17,15:00:00,10,あの場所あの場所あの場所あの場所あの場所あの場所あの場所あの場所あの場所あの場所あの場所あの場所あの場所あの場所あの場所あの場所あの場所あの場所あの場所あの場所あの場所あの場所あの場所あの場所あの場所あの場所あの場所あの場所あの場所あの場所あの場所あの場所あの場所あの場所あの場所あの場所あの場所あの場所あの場所あの場所あの場所あの場所あの場所あの場所あの場所あの場所あの場所あの場所あの場所あの場所あの場所あの場所あの場所あの場所あの場所あの場所あの場所あの場所あの場所あの場所あの場所あの場所あの場所あの場所あの場所あの場所あの場所あの場所あの場所あの場所あの場所あの場所あの場所あの場所あの場所あの場所あの場所あの場所あの場所あの場所あの場所あの場所あの場所あの場所あの場所,1,26
21,バスケしよう18,バスケバスケバスケバスケバスケバスケバスケバスケバスケバスケバスケバスケバスケバスケバスケバスケバスケバスケバスケバスケバスケバスケバスケバスケバスケバスケバスケバスケバスケバスケバスケバスケバスケバスケバスケバスケバスケバスケバスケバスケバスケバスケバスケバスケバスケバスケバスケバスケバスケバスケバスケバスケバスケバスケバスケバスケバスケバスケバスケバスケバスケバスケバスケバスケバスケバスケバスケバスケバスケバスケバスケバスケ,2021-04-18,18:00:00,14,あの場所あの場所あの場所あの場所あの場所あの場所あの場所あの場所あの場所あの場所あの場所あの場所あの場所あの場所あの場所あの場所あの場所あの場所あの場所あの場所あの場所あの場所あの場所あの場所あの場所あの場所あの場所あの場所あの場所あの場所あの場所あの場所あの場所あの場所あの場所あの場所あの場所あの場所あの場所あの場所あの場所あの場所あの場所あの場所あの場所あの場所あの場所あの場所あの場所あの場所あの場所あの場所あの場所あの場所あの場所あの場所あの場所あの場所あの場所あの場所あの場所あの場所あの場所あの場所あの場所あの場所あの場所あの場所あの場所あの場所あの場所あの場所あの場所あの場所あの場所あの場所あの場所あの場所あの場所あの場所あの場所あの場所あの場所あの場所あの場所,1,27
22,バスケしよう19,バスケバスケバスケバスケバスケバスケバスケバスケバスケバスケバスケバスケバスケバスケバスケバスケバスケバスケバスケバスケバスケバスケバスケバスケバスケバスケバスケバスケバスケバスケバスケバスケバスケバスケバスケバスケバスケバスケバスケバスケバスケバスケバスケバスケバスケバスケバスケバスケバスケバスケバスケバスケバスケバスケバスケバスケバスケバスケバスケバスケバスケバスケバスケバスケバスケバスケバスケバスケバスケバスケバスケバスケ,2021-04-19,10:00:00,4,あの場所あの場所あの場所あの場所あの場所あの場所あの場所あの場所あの場所あの場所あの場所あの場所あの場所あの場所あの場所あの場所あの場所あの場所あの場所あの場所あの場所あの場所あの場所あの場所あの場所あの場所あの場所あの場所あの場所あの場所あの場所あの場所あの場所あの場所あの場所あの場所あの場所あの場所あの場所あの場所あの場所あの場所あの場所あの場所あの場所あの場所あの場所あの場所あの場所あの場所あの場所あの場所あの場所あの場所あの場所あの場所あの場所あの場所あの場所あの場所あの場所あの場所あの場所あの場所あの場所あの場所あの場所あの場所あの場所あの場所あの場所あの場所あの場所あの場所あの場所あの場所あの場所あの場所あの場所あの場所あの場所あの場所あの場所あの場所あの場所,1,28
23,バスケしよう20,バスケバスケバスケバスケバスケバスケバスケバスケバスケバスケバスケバスケバスケバスケバスケバスケバスケバスケバスケバスケバスケバスケバスケバスケバスケバスケバスケバスケバスケバスケバスケバスケバスケバスケバスケバスケバスケバスケバスケバスケバスケバスケバスケバスケバスケバスケバスケバスケバスケバスケバスケバスケバスケバスケバスケバスケバスケバスケバスケバスケバスケバスケバスケバスケバスケバスケバスケバスケバスケバスケバスケバスケ,2021-04-20,15:00:00,13,あの場所あの場所あの場所あの場所あの場所あの場所あの場所あの場所あの場所あの場所あの場所あの場所あの場所あの場所あの場所あの場所あの場所あの場所あの場所あの場所あの場所あの場所あの場所あの場所あの場所あの場所あの場所あの場所あの場所あの場所あの場所あの場所あの場所あの場所あの場所あの場所あの場所あの場所あの場所あの場所あの場所あの場所あの場所あの場所あの場所あの場所あの場所あの場所あの場所あの場所あの場所あの場所あの場所あの場所あの場所あの場所あの場所あの場所あの場所あの場所あの場所あの場所あの場所あの場所あの場所あの場所あの場所あの場所あの場所あの場所あの場所あの場所あの場所あの場所あの場所あの場所あの場所あの場所あの場所あの場所あの場所あの場所あの場所あの場所あの場所,1,29
24,バスケしよう21,バスケバスケバスケバスケバスケバスケバスケバスケバスケバスケバスケバスケバスケバスケバスケバスケバスケバスケバスケバスケバスケバスケバスケバスケバスケバスケバスケバスケバスケバスケバスケバスケバスケバスケバスケバスケバスケバスケバスケバスケバスケバスケバスケバスケバスケバスケバスケバスケバスケバスケバスケバスケバスケバスケバスケバスケバスケバスケバスケバスケバスケバスケバスケバスケバスケバスケバスケバスケバスケバスケバスケバスケ,2021-04-21,18:00:00,16,あの場所あの場所あの場所あの場所あの場所あの場所あの場所あの場所あの場所あの場所あの場所あの場所あの場所あの場所あの場所あの場所あの場所あの場所あの場所あの場所あの場所あの場所あの場所あの場所あの場所あの場所あの場所あの場所あの場所あの場所あの場所あの場所あの場所あの場所あの場所あの場所あの場所あの場所あの場所あの場所あの場所あの場所あの場所あの場所あの場所あの場所あの場所あの場所あの場所あの場所あの場所あの場所あの場所あの場所あの場所あの場所あの場所あの場所あの場所あの場所あの場所あの場所あの場所あの場所あの場所あの場所あの場所あの場所あの場所あの場所あの場所あの場所あの場所あの場所あの場所あの場所あの場所あの場所あの場所あの場所あの場所あの場所あの場所あの場所あの場所,1,30
25,バスケしよう22,バスケバスケバスケバスケバスケバスケバスケバスケバスケバスケバスケバスケバスケバスケバスケバスケバスケバスケバスケバスケバスケバスケバスケバスケバスケバスケバスケバスケバスケバスケバスケバスケバスケバスケバスケバスケバスケバスケバスケバスケバスケバスケバスケバスケバスケバスケバスケバスケバスケバスケバスケバスケバスケバスケバスケバスケバスケバスケバスケバスケバスケバスケバスケバスケバスケバスケバスケバスケバスケバスケバスケバスケ,2021-04-22,10:00:00,3,あの場所あの場所あの場所あの場所あの場所あの場所あの場所あの場所あの場所あの場所あの場所あの場所あの場所あの場所あの場所あの場所あの場所あの場所あの場所あの場所あの場所あの場所あの場所あの場所あの場所あの場所あの場所あの場所あの場所あの場所あの場所あの場所あの場所あの場所あの場所あの場所あの場所あの場所あの場所あの場所あの場所あの場所あの場所あの場所あの場所あの場所あの場所あの場所あの場所あの場所あの場所あの場所あの場所あの場所あの場所あの場所あの場所あの場所あの場所あの場所あの場所あの場所あの場所あの場所あの場所あの場所あの場所あの場所あの場所あの場所あの場所あの場所あの場所あの場所あの場所あの場所あの場所あの場所あの場所あの場所あの場所あの場所あの場所あの場所あの場所,1,31
26,バスケしよう23,バスケバスケバスケバスケバスケバスケバスケバスケバスケバスケバスケバスケバスケバスケバスケバスケバスケバスケバスケバスケバスケバスケバスケバスケバスケバスケバスケバスケバスケバスケバスケバスケバスケバスケバスケバスケバスケバスケバスケバスケバスケバスケバスケバスケバスケバスケバスケバスケバスケバスケバスケバスケバスケバスケバスケバスケバスケバスケバスケバスケバスケバスケバスケバスケバスケバスケバスケバスケバスケバスケバスケバスケ,2021-04-23,15:00:00,10,あの場所あの場所あの場所あの場所あの場所あの場所あの場所あの場所あの場所あの場所あの場所あの場所あの場所あの場所あの場所あの場所あの場所あの場所あの場所あの場所あの場所あの場所あの場所あの場所あの場所あの場所あの場所あの場所あの場所あの場所あの場所あの場所あの場所あの場所あの場所あの場所あの場所あの場所あの場所あの場所あの場所あの場所あの場所あの場所あの場所あの場所あの場所あの場所あの場所あの場所あの場所あの場所あの場所あの場所あの場所あの場所あの場所あの場所あの場所あの場所あの場所あの場所あの場所あの場所あの場所あの場所あの場所あの場所あの場所あの場所あの場所あの場所あの場所あの場所あの場所あの場所あの場所あの場所あの場所あの場所あの場所あの場所あの場所あの場所あの場所,1,32
27,バスケしよう24,バスケバスケバスケバスケバスケバスケバスケバスケバスケバスケバスケバスケバスケバスケバスケバスケバスケバスケバスケバスケバスケバスケバスケバスケバスケバスケバスケバスケバスケバスケバスケバスケバスケバスケバスケバスケバスケバスケバスケバスケバスケバスケバスケバスケバスケバスケバスケバスケバスケバスケバスケバスケバスケバスケバスケバスケバスケバスケバスケバスケバスケバスケバスケバスケバスケバスケバスケバスケバスケバスケバスケバスケ,2021-04-24,18:00:00,14,あの場所あの場所あの場所あの場所あの場所あの場所あの場所あの場所あの場所あの場所あの場所あの場所あの場所あの場所あの場所あの場所あの場所あの場所あの場所あの場所あの場所あの場所あの場所あの場所あの場所あの場所あの場所あの場所あの場所あの場所あの場所あの場所あの場所あの場所あの場所あの場所あの場所あの場所あの場所あの場所あの場所あの場所あの場所あの場所あの場所あの場所あの場所あの場所あの場所あの場所あの場所あの場所あの場所あの場所あの場所あの場所あの場所あの場所あの場所あの場所あの場所あの場所あの場所あの場所あの場所あの場所あの場所あの場所あの場所あの場所あの場所あの場所あの場所あの場所あの場所あの場所あの場所あの場所あの場所あの場所あの場所あの場所あの場所あの場所あの場所,1,33
28,バスケしよう25,バスケバスケバスケバスケバスケバスケバスケバスケバスケバスケバスケバスケバスケバスケバスケバスケバスケバスケバスケバスケバスケバスケバスケバスケバスケバスケバスケバスケバスケバスケバスケバスケバスケバスケバスケバスケバスケバスケバスケバスケバスケバスケバスケバスケバスケバスケバスケバスケバスケバスケバスケバスケバスケバスケバスケバスケバスケバスケバスケバスケバスケバスケバスケバスケバスケバスケバスケバスケバスケバスケバスケバスケ,2021-04-25,10:00:00,4,あの場所あの場所あの場所あの場所あの場所あの場所あの場所あの場所あの場所あの場所あの場所あの場所あの場所あの場所あの場所あの場所あの場所あの場所あの場所あの場所あの場所あの場所あの場所あの場所あの場所あの場所あの場所あの場所あの場所あの場所あの場所あの場所あの場所あの場所あの場所あの場所あの場所あの場所あの場所あの場所あの場所あの場所あの場所あの場所あの場所あの場所あの場所あの場所あの場所あの場所あの場所あの場所あの場所あの場所あの場所あの場所あの場所あの場所あの場所あの場所あの場所あの場所あの場所あの場所あの場所あの場所あの場所あの場所あの場所あの場所あの場所あの場所あの場所あの場所あの場所あの場所あの場所あの場所あの場所あの場所あの場所あの場所あの場所あの場所あの場所,1,34
29,バスケしよう26,バスケバスケバスケバスケバスケバスケバスケバスケバスケバスケバスケバスケバスケバスケバスケバスケバスケバスケバスケバスケバスケバスケバスケバスケバスケバスケバスケバスケバスケバスケバスケバスケバスケバスケバスケバスケバスケバスケバスケバスケバスケバスケバスケバスケバスケバスケバスケバスケバスケバスケバスケバスケバスケバスケバスケバスケバスケバスケバスケバスケバスケバスケバスケバスケバスケバスケバスケバスケバスケバスケバスケバスケ,2021-04-26,15:00:00,13,あの場所あの場所あの場所あの場所あの場所あの場所あの場所あの場所あの場所あの場所あの場所あの場所あの場所あの場所あの場所あの場所あの場所あの場所あの場所あの場所あの場所あの場所あの場所あの場所あの場所あの場所あの場所あの場所あの場所あの場所あの場所あの場所あの場所あの場所あの場所あの場所あの場所あの場所あの場所あの場所あの場所あの場所あの場所あの場所あの場所あの場所あの場所あの場所あの場所あの場所あの場所あの場所あの場所あの場所あの場所あの場所あの場所あの場所あの場所あの場所あの場所あの場所あの場所あの場所あの場所あの場所あの場所あの場所あの場所あの場所あの場所あの場所あの場所あの場所あの場所あの場所あの場所あの場所あの場所あの場所あの場所あの場所あの場所あの場所あの場所,1,35
30,バスケしよう27,バスケバスケバスケバスケバスケバスケバスケバスケバスケバスケバスケバスケバスケバスケバスケバスケバスケバスケバスケバスケバスケバスケバスケバスケバスケバスケバスケバスケバスケバスケバスケバスケバスケバスケバスケバスケバスケバスケバスケバスケバスケバスケバスケバスケバスケバスケバスケバスケバスケバスケバスケバスケバスケバスケバスケバスケバスケバスケバスケバスケバスケバスケバスケバスケバスケバスケバスケバスケバスケバスケバスケバスケ,2021-04-27,18:00:00,16,あの場所あの場所あの場所あの場所あの場所あの場所あの場所あの場所あの場所あの場所あの場所あの場所あの場所あの場所あの場所あの場所あの場所あの場所あの場所あの場所あの場所あの場所あの場所あの場所あの場所あの場所あの場所あの場所あの場所あの場所あの場所あの場所あの場所あの場所あの場所あの場所あの場所あの場所あの場所あの場所あの場所あの場所あの場所あの場所あの場所あの場所あの場所あの場所あの場所あの場所あの場所あの場所あの場所あの場所あの場所あの場所あの場所あの場所あの場所あの場所あの場所あの場所あの場所あの場所あの場所あの場所あの場所あの場所あの場所あの場所あの場所あの場所あの場所あの場所あの場所あの場所あの場所あの場所あの場所あの場所あの場所あの場所あの場所あの場所あの場所,1,36
31,バスケしよう28,バスケバスケバスケバスケバスケバスケバスケバスケバスケバスケバスケバスケバスケバスケバスケバスケバスケバスケバスケバスケバスケバスケバスケバスケバスケバスケバスケバスケバスケバスケバスケバスケバスケバスケバスケバスケバスケバスケバスケバスケバスケバスケバスケバスケバスケバスケバスケバスケバスケバスケバスケバスケバスケバスケバスケバスケバスケバスケバスケバスケバスケバスケバスケバスケバスケバスケバスケバスケバスケバスケバスケバスケ,2021-04-28,10:00:00,3,あの場所あの場所あの場所あの場所あの場所あの場所あの場所あの場所あの場所あの場所あの場所あの場所あの場所あの場所あの場所あの場所あの場所あの場所あの場所あの場所あの場所あの場所あの場所あの場所あの場所あの場所あの場所あの場所あの場所あの場所あの場所あの場所あの場所あの場所あの場所あの場所あの場所あの場所あの場所あの場所あの場所あの場所あの場所あの場所あの場所あの場所あの場所あの場所あの場所あの場所あの場所あの場所あの場所あの場所あの場所あの場所あの場所あの場所あの場所あの場所あの場所あの場所あの場所あの場所あの場所あの場所あの場所あの場所あの場所あの場所あの場所あの場所あの場所あの場所あの場所あの場所あの場所あの場所あの場所あの場所あの場所あの場所あの場所あの場所あの場所,1,37
32,バスケしよう29,バスケバスケバスケバスケバスケバスケバスケバスケバスケバスケバスケバスケバスケバスケバスケバスケバスケバスケバスケバスケバスケバスケバスケバスケバスケバスケバスケバスケバスケバスケバスケバスケバスケバスケバスケバスケバスケバスケバスケバスケバスケバスケバスケバスケバスケバスケバスケバスケバスケバスケバスケバスケバスケバスケバスケバスケバスケバスケバスケバスケバスケバスケバスケバスケバスケバスケバスケバスケバスケバスケバスケバスケ,2021-04-29,15:00:00,10,あの場所あの場所あの場所あの場所あの場所あの場所あの場所あの場所あの場所あの場所あの場所あの場所あの場所あの場所あの場所あの場所あの場所あの場所あの場所あの場所あの場所あの場所あの場所あの場所あの場所あの場所あの場所あの場所あの場所あの場所あの場所あの場所あの場所あの場所あの場所あの場所あの場所あの場所あの場所あの場所あの場所あの場所あの場所あの場所あの場所あの場所あの場所あの場所あの場所あの場所あの場所あの場所あの場所あの場所あの場所あの場所あの場所あの場所あの場所あの場所あの場所あの場所あの場所あの場所あの場所あの場所あの場所あの場所あの場所あの場所あの場所あの場所あの場所あの場所あの場所あの場所あの場所あの場所あの場所あの場所あの場所あの場所あの場所あの場所あの場所,1,38
33,バスケしよう30,バスケバスケバスケバスケバスケバスケバスケバスケバスケバスケバスケバスケバスケバスケバスケバスケバスケバスケバスケバスケバスケバスケバスケバスケバスケバスケバスケバスケバスケバスケバスケバスケバスケバスケバスケバスケバスケバスケバスケバスケバスケバスケバスケバスケバスケバスケバスケバスケバスケバスケバスケバスケバスケバスケバスケバスケバスケバスケバスケバスケバスケバスケバスケバスケバスケバスケバスケバスケバスケバスケバスケバスケ,2021-04-30,18:00:00,14,あの場所あの場所あの場所あの場所あの場所あの場所あの場所あの場所あの場所あの場所あの場所あの場所あの場所あの場所あの場所あの場所あの場所あの場所あの場所あの場所あの場所あの場所あの場所あの場所あの場所あの場所あの場所あの場所あの場所あの場所あの場所あの場所あの場所あの場所あの場所あの場所あの場所あの場所あの場所あの場所あの場所あの場所あの場所あの場所あの場所あの場所あの場所あの場所あの場所あの場所あの場所あの場所あの場所あの場所あの場所あの場所あの場所あの場所あの場所あの場所あの場所あの場所あの場所あの場所あの場所あの場所あの場所あの場所あの場所あの場所あの場所あの場所あの場所あの場所あの場所あの場所あの場所あの場所あの場所あの場所あの場所あの場所あの場所あの場所あの場所,1,39
34,フットサルしよう01,フットサルフットサルフットサルフットサルフットサルフットサルフットサルフットサルフットサルフットサルフットサルフットサルフットサルフットサルフットサルフットサルフットサルフットサルフットサルフットサルフットサルフットサルフットサルフットサルフットサルフットサルフットサルフットサルフットサルフットサルフットサルフットサルフットサルフットサルフットサルフットサルフットサルフットサルフットサルフットサルフットサルフットサルフットサルフットサルフットサルフットサルフットサルフットサルフットサルフットサルフットサルフットサルフットサルフットサルフットサルフットサルフットサルフットサルフットサルフットサルフットサルフットサルフットサルフットサルフットサルフットサルフットサルフットサルフットサルフットサルフットサルフットサルフットサルフットサルフットサルフットサルフットサルフットサルフットサルフットサルフットサルフットサルフットサルフットサルフットサルフットサルフットサルフットサルフットサルフットサルフットサルフットサルフットサルフットサルフットサルフットサル,2021-05-01,10:00:00,4,あの場所あの場所あの場所あの場所あの場所あの場所あの場所あの場所あの場所あの場所あの場所あの場所あの場所あの場所あの場所あの場所あの場所あの場所あの場所あの場所あの場所あの場所あの場所あの場所あの場所あの場所あの場所あの場所あの場所あの場所あの場所あの場所あの場所あの場所あの場所あの場所あの場所あの場所あの場所あの場所あの場所あの場所あの場所あの場所あの場所あの場所あの場所あの場所あの場所あの場所あの場所あの場所あの場所あの場所あの場所あの場所あの場所あの場所あの場所あの場所あの場所あの場所あの場所あの場所あの場所あの場所あの場所あの場所あの場所あの場所あの場所あの場所あの場所あの場所あの場所あの場所あの場所あの場所あの場所あの場所あの場所あの場所あの場所あの場所あの場所,2,40
35,フットサルしよう02,フットサルフットサルフットサルフットサルフットサルフットサルフットサルフットサルフットサルフットサルフットサルフットサルフットサルフットサルフットサルフットサルフットサルフットサルフットサルフットサルフットサルフットサルフットサルフットサルフットサルフットサルフットサルフットサルフットサルフットサルフットサルフットサルフットサルフットサルフットサルフットサルフットサルフットサルフットサルフットサルフットサルフットサルフットサルフットサルフットサルフットサルフットサルフットサルフットサルフットサルフットサルフットサルフットサルフットサルフットサルフットサルフットサルフットサルフットサルフットサルフットサルフットサルフットサルフットサルフットサルフットサルフットサルフットサルフットサルフットサルフットサルフットサルフットサルフットサルフットサルフットサルフットサルフットサルフットサルフットサルフットサルフットサルフットサルフットサルフットサルフットサルフットサルフットサルフットサルフットサルフットサルフットサルフットサルフットサルフットサルフットサル,2021-05-02,15:00:00,13,あの場所あの場所あの場所あの場所あの場所あの場所あの場所あの場所あの場所あの場所あの場所あの場所あの場所あの場所あの場所あの場所あの場所あの場所あの場所あの場所あの場所あの場所あの場所あの場所あの場所あの場所あの場所あの場所あの場所あの場所あの場所あの場所あの場所あの場所あの場所あの場所あの場所あの場所あの場所あの場所あの場所あの場所あの場所あの場所あの場所あの場所あの場所あの場所あの場所あの場所あの場所あの場所あの場所あの場所あの場所あの場所あの場所あの場所あの場所あの場所あの場所あの場所あの場所あの場所あの場所あの場所あの場所あの場所あの場所あの場所あの場所あの場所あの場所あの場所あの場所あの場所あの場所あの場所あの場所あの場所あの場所あの場所あの場所あの場所あの場所,2,41
36,フットサルしよう03,フットサルフットサルフットサルフットサルフットサルフットサルフットサルフットサルフットサルフットサルフットサルフットサルフットサルフットサルフットサルフットサルフットサルフットサルフットサルフットサルフットサルフットサルフットサルフットサルフットサルフットサルフットサルフットサルフットサルフットサルフットサルフットサルフットサルフットサルフットサルフットサルフットサルフットサルフットサルフットサルフットサルフットサルフットサルフットサルフットサルフットサルフットサルフットサルフットサルフットサルフットサルフットサルフットサルフットサルフットサルフットサルフットサルフットサルフットサルフットサルフットサルフットサルフットサルフットサルフットサルフットサルフットサルフットサルフットサルフットサルフットサルフットサルフットサルフットサルフットサルフットサルフットサルフットサルフットサルフットサルフットサルフットサルフットサルフットサルフットサルフットサルフットサルフットサルフットサルフットサルフットサルフットサルフットサルフットサルフットサルフットサル,2021-05-03,18:00:00,16,あの場所あの場所あの場所あの場所あの場所あの場所あの場所あの場所あの場所あの場所あの場所あの場所あの場所あの場所あの場所あの場所あの場所あの場所あの場所あの場所あの場所あの場所あの場所あの場所あの場所あの場所あの場所あの場所あの場所あの場所あの場所あの場所あの場所あの場所あの場所あの場所あの場所あの場所あの場所あの場所あの場所あの場所あの場所あの場所あの場所あの場所あの場所あの場所あの場所あの場所あの場所あの場所あの場所あの場所あの場所あの場所あの場所あの場所あの場所あの場所あの場所あの場所あの場所あの場所あの場所あの場所あの場所あの場所あの場所あの場所あの場所あの場所あの場所あの場所あの場所あの場所あの場所あの場所あの場所あの場所あの場所あの場所あの場所あの場所あの場所,2,42
37,フットサルしよう04,フットサルフットサルフットサルフットサルフットサルフットサルフットサルフットサルフットサルフットサルフットサルフットサルフットサルフットサルフットサルフットサルフットサルフットサルフットサルフットサルフットサルフットサルフットサルフットサルフットサルフットサルフットサルフットサルフットサルフットサルフットサルフットサルフットサルフットサルフットサルフットサルフットサルフットサルフットサルフットサルフットサルフットサルフットサルフットサルフットサルフットサルフットサルフットサルフットサルフットサルフットサルフットサルフットサルフットサルフットサルフットサルフットサルフットサルフットサルフットサルフットサルフットサルフットサルフットサルフットサルフットサルフットサルフットサルフットサルフットサルフットサルフットサルフットサルフットサルフットサルフットサルフットサルフットサルフットサルフットサルフットサルフットサルフットサルフットサルフットサルフットサルフットサルフットサルフットサルフットサルフットサルフットサルフットサルフットサルフットサルフットサル,2021-05-04,10:00:00,3,あの場所あの場所あの場所あの場所あの場所あの場所あの場所あの場所あの場所あの場所あの場所あの場所あの場所あの場所あの場所あの場所あの場所あの場所あの場所あの場所あの場所あの場所あの場所あの場所あの場所あの場所あの場所あの場所あの場所あの場所あの場所あの場所あの場所あの場所あの場所あの場所あの場所あの場所あの場所あの場所あの場所あの場所あの場所あの場所あの場所あの場所あの場所あの場所あの場所あの場所あの場所あの場所あの場所あの場所あの場所あの場所あの場所あの場所あの場所あの場所あの場所あの場所あの場所あの場所あの場所あの場所あの場所あの場所あの場所あの場所あの場所あの場所あの場所あの場所あの場所あの場所あの場所あの場所あの場所あの場所あの場所あの場所あの場所あの場所あの場所,2,43
38,フットサルしよう05,フットサルフットサルフットサルフットサルフットサルフットサルフットサルフットサルフットサルフットサルフットサルフットサルフットサルフットサルフットサルフットサルフットサルフットサルフットサルフットサルフットサルフットサルフットサルフットサルフットサルフットサルフットサルフットサルフットサルフットサルフットサルフットサルフットサルフットサルフットサルフットサルフットサルフットサルフットサルフットサルフットサルフットサルフットサルフットサルフットサルフットサルフットサルフットサルフットサルフットサルフットサルフットサルフットサルフットサルフットサルフットサルフットサルフットサルフットサルフットサルフットサルフットサルフットサルフットサルフットサルフットサルフットサルフットサルフットサルフットサルフットサルフットサルフットサルフットサルフットサルフットサルフットサルフットサルフットサルフットサルフットサルフットサルフットサルフットサルフットサルフットサルフットサルフットサルフットサルフットサルフットサルフットサルフットサルフットサルフットサルフットサル,2021-05-05,15:00:00,10,あの場所あの場所あの場所あの場所あの場所あの場所あの場所あの場所あの場所あの場所あの場所あの場所あの場所あの場所あの場所あの場所あの場所あの場所あの場所あの場所あの場所あの場所あの場所あの場所あの場所あの場所あの場所あの場所あの場所あの場所あの場所あの場所あの場所あの場所あの場所あの場所あの場所あの場所あの場所あの場所あの場所あの場所あの場所あの場所あの場所あの場所あの場所あの場所あの場所あの場所あの場所あの場所あの場所あの場所あの場所あの場所あの場所あの場所あの場所あの場所あの場所あの場所あの場所あの場所あの場所あの場所あの場所あの場所あの場所あの場所あの場所あの場所あの場所あの場所あの場所あの場所あの場所あの場所あの場所あの場所あの場所あの場所あの場所あの場所あの場所,2,44
39,フットサルしよう06,フットサルフットサルフットサルフットサルフットサルフットサルフットサルフットサルフットサルフットサルフットサルフットサルフットサルフットサルフットサルフットサルフットサルフットサルフットサルフットサルフットサルフットサルフットサルフットサルフットサルフットサルフットサルフットサルフットサルフットサルフットサルフットサルフットサルフットサルフットサルフットサルフットサルフットサルフットサルフットサルフットサルフットサルフットサルフットサルフットサルフットサルフットサルフットサルフットサルフットサルフットサルフットサルフットサルフットサルフットサルフットサルフットサルフットサルフットサルフットサルフットサルフットサルフットサルフットサルフットサルフットサルフットサルフットサルフットサルフットサルフットサルフットサルフットサルフットサルフットサルフットサルフットサルフットサルフットサルフットサルフットサルフットサルフットサルフットサルフットサルフットサルフットサルフットサルフットサルフットサルフットサルフットサルフットサルフットサルフットサルフットサル,2021-05-06,18:00:00,14,あの場所あの場所あの場所あの場所あの場所あの場所あの場所あの場所あの場所あの場所あの場所あの場所あの場所あの場所あの場所あの場所あの場所あの場所あの場所あの場所あの場所あの場所あの場所あの場所あの場所あの場所あの場所あの場所あの場所あの場所あの場所あの場所あの場所あの場所あの場所あの場所あの場所あの場所あの場所あの場所あの場所あの場所あの場所あの場所あの場所あの場所あの場所あの場所あの場所あの場所あの場所あの場所あの場所あの場所あの場所あの場所あの場所あの場所あの場所あの場所あの場所あの場所あの場所あの場所あの場所あの場所あの場所あの場所あの場所あの場所あの場所あの場所あの場所あの場所あの場所あの場所あの場所あの場所あの場所あの場所あの場所あの場所あの場所あの場所あの場所,2,45
40,フットサルしよう07,フットサルフットサルフットサルフットサルフットサルフットサルフットサルフットサルフットサルフットサルフットサルフットサルフットサルフットサルフットサルフットサルフットサルフットサルフットサルフットサルフットサルフットサルフットサルフットサルフットサルフットサルフットサルフットサルフットサルフットサルフットサルフットサルフットサルフットサルフットサルフットサルフットサルフットサルフットサルフットサルフットサルフットサルフットサルフットサルフットサルフットサルフットサルフットサルフットサルフットサルフットサルフットサルフットサルフットサルフットサルフットサルフットサルフットサルフットサルフットサルフットサルフットサルフットサルフットサルフットサルフットサルフットサルフットサルフットサルフットサルフットサルフットサルフットサルフットサルフットサルフットサルフットサルフットサルフットサルフットサルフットサルフットサルフットサルフットサルフットサルフットサルフットサルフットサルフットサルフットサルフットサルフットサルフットサルフットサルフットサルフットサル,2021-05-07,10:00:00,4,あの場所あの場所あの場所あの場所あの場所あの場所あの場所あの場所あの場所あの場所あの場所あの場所あの場所あの場所あの場所あの場所あの場所あの場所あの場所あの場所あの場所あの場所あの場所あの場所あの場所あの場所あの場所あの場所あの場所あの場所あの場所あの場所あの場所あの場所あの場所あの場所あの場所あの場所あの場所あの場所あの場所あの場所あの場所あの場所あの場所あの場所あの場所あの場所あの場所あの場所あの場所あの場所あの場所あの場所あの場所あの場所あの場所あの場所あの場所あの場所あの場所あの場所あの場所あの場所あの場所あの場所あの場所あの場所あの場所あの場所あの場所あの場所あの場所あの場所あの場所あの場所あの場所あの場所あの場所あの場所あの場所あの場所あの場所あの場所あの場所,2,46
41,フットサルしよう08,フットサルフットサルフットサルフットサルフットサルフットサルフットサルフットサルフットサルフットサルフットサルフットサルフットサルフットサルフットサルフットサルフットサルフットサルフットサルフットサルフットサルフットサルフットサルフットサルフットサルフットサルフットサルフットサルフットサルフットサルフットサルフットサルフットサルフットサルフットサルフットサルフットサルフットサルフットサルフットサルフットサルフットサルフットサルフットサルフットサルフットサルフットサルフットサルフットサルフットサルフットサルフットサルフットサルフットサルフットサルフットサルフットサルフットサルフットサルフットサルフットサルフットサルフットサルフットサルフットサルフットサルフットサルフットサルフットサルフットサルフットサルフットサルフットサルフットサルフットサルフットサルフットサルフットサルフットサルフットサルフットサルフットサルフットサルフットサルフットサルフットサルフットサルフットサルフットサルフットサルフットサルフットサルフットサルフットサルフットサルフットサル,2021-05-08,15:00:00,13,あの場所あの場所あの場所あの場所あの場所あの場所あの場所あの場所あの場所あの場所あの場所あの場所あの場所あの場所あの場所あの場所あの場所あの場所あの場所あの場所あの場所あの場所あの場所あの場所あの場所あの場所あの場所あの場所あの場所あの場所あの場所あの場所あの場所あの場所あの場所あの場所あの場所あの場所あの場所あの場所あの場所あの場所あの場所あの場所あの場所あの場所あの場所あの場所あの場所あの場所あの場所あの場所あの場所あの場所あの場所あの場所あの場所あの場所あの場所あの場所あの場所あの場所あの場所あの場所あの場所あの場所あの場所あの場所あの場所あの場所あの場所あの場所あの場所あの場所あの場所あの場所あの場所あの場所あの場所あの場所あの場所あの場所あの場所あの場所あの場所,2,47
42,フットサルしよう09,フットサルフットサルフットサルフットサルフットサルフットサルフットサルフットサルフットサルフットサルフットサルフットサルフットサルフットサルフットサルフットサルフットサルフットサルフットサルフットサルフットサルフットサルフットサルフットサルフットサルフットサルフットサルフットサルフットサルフットサルフットサルフットサルフットサルフットサルフットサルフットサルフットサルフットサルフットサルフットサルフットサルフットサルフットサルフットサルフットサルフットサルフットサルフットサルフットサルフットサルフットサルフットサルフットサルフットサルフットサルフットサルフットサルフットサルフットサルフットサルフットサルフットサルフットサルフットサルフットサルフットサルフットサルフットサルフットサルフットサルフットサルフットサルフットサルフットサルフットサルフットサルフットサルフットサルフットサルフットサルフットサルフットサルフットサルフットサルフットサルフットサルフットサルフットサルフットサルフットサルフットサルフットサルフットサルフットサルフットサルフットサル,2021-05-09,18:00:00,16,あの場所あの場所あの場所あの場所あの場所あの場所あの場所あの場所あの場所あの場所あの場所あの場所あの場所あの場所あの場所あの場所あの場所あの場所あの場所あの場所あの場所あの場所あの場所あの場所あの場所あの場所あの場所あの場所あの場所あの場所あの場所あの場所あの場所あの場所あの場所あの場所あの場所あの場所あの場所あの場所あの場所あの場所あの場所あの場所あの場所あの場所あの場所あの場所あの場所あの場所あの場所あの場所あの場所あの場所あの場所あの場所あの場所あの場所あの場所あの場所あの場所あの場所あの場所あの場所あの場所あの場所あの場所あの場所あの場所あの場所あの場所あの場所あの場所あの場所あの場所あの場所あの場所あの場所あの場所あの場所あの場所あの場所あの場所あの場所あの場所,2,48
43,フットサルしよう10,フットサルフットサルフットサルフットサルフットサルフットサルフットサルフットサルフットサルフットサルフットサルフットサルフットサルフットサルフットサルフットサルフットサルフットサルフットサルフットサルフットサルフットサルフットサルフットサルフットサルフットサルフットサルフットサルフットサルフットサルフットサルフットサルフットサルフットサルフットサルフットサルフットサルフットサルフットサルフットサルフットサルフットサルフットサルフットサルフットサルフットサルフットサルフットサルフットサルフットサルフットサルフットサルフットサルフットサルフットサルフットサルフットサルフットサルフットサルフットサルフットサルフットサルフットサルフットサルフットサルフットサルフットサルフットサルフットサルフットサルフットサルフットサルフットサルフットサルフットサルフットサルフットサルフットサルフットサルフットサルフットサルフットサルフットサルフットサルフットサルフットサルフットサルフットサルフットサルフットサルフットサルフットサルフットサルフットサルフットサルフットサル,2021-05-10,10:00:00,3,あの場所あの場所あの場所あの場所あの場所あの場所あの場所あの場所あの場所あの場所あの場所あの場所あの場所あの場所あの場所あの場所あの場所あの場所あの場所あの場所あの場所あの場所あの場所あの場所あの場所あの場所あの場所あの場所あの場所あの場所あの場所あの場所あの場所あの場所あの場所あの場所あの場所あの場所あの場所あの場所あの場所あの場所あの場所あの場所あの場所あの場所あの場所あの場所あの場所あの場所あの場所あの場所あの場所あの場所あの場所あの場所あの場所あの場所あの場所あの場所あの場所あの場所あの場所あの場所あの場所あの場所あの場所あの場所あの場所あの場所あの場所あの場所あの場所あの場所あの場所あの場所あの場所あの場所あの場所あの場所あの場所あの場所あの場所あの場所あの場所,2,49
44,フットサルしよう11,フットサルフットサルフットサルフットサルフットサルフットサルフットサルフットサルフットサルフットサルフットサルフットサルフットサルフットサルフットサルフットサルフットサルフットサルフットサルフットサルフットサルフットサルフットサルフットサルフットサルフットサルフットサルフットサルフットサルフットサルフットサルフットサルフットサルフットサルフットサルフットサルフットサルフットサルフットサルフットサルフットサルフットサルフットサルフットサルフットサルフットサルフットサルフットサルフットサルフットサルフットサルフットサルフットサルフットサルフットサルフットサルフットサルフットサルフットサルフットサルフットサルフットサルフットサルフットサルフットサルフットサルフットサルフットサルフットサルフットサルフットサルフットサルフットサルフットサルフットサルフットサルフットサルフットサルフットサルフットサルフットサルフットサルフットサルフットサルフットサルフットサルフットサルフットサルフットサルフットサルフットサルフットサルフットサルフットサルフットサルフットサル,2021-05-11,15:00:00,10,あの場所あの場所あの場所あの場所あの場所あの場所あの場所あの場所あの場所あの場所あの場所あの場所あの場所あの場所あの場所あの場所あの場所あの場所あの場所あの場所あの場所あの場所あの場所あの場所あの場所あの場所あの場所あの場所あの場所あの場所あの場所あの場所あの場所あの場所あの場所あの場所あの場所あの場所あの場所あの場所あの場所あの場所あの場所あの場所あの場所あの場所あの場所あの場所あの場所あの場所あの場所あの場所あの場所あの場所あの場所あの場所あの場所あの場所あの場所あの場所あの場所あの場所あの場所あの場所あの場所あの場所あの場所あの場所あの場所あの場所あの場所あの場所あの場所あの場所あの場所あの場所あの場所あの場所あの場所あの場所あの場所あの場所あの場所あの場所あの場所,2,50
45,フットサルしよう12,フットサルフットサルフットサルフットサルフットサルフットサルフットサルフットサルフットサルフットサルフットサルフットサルフットサルフットサルフットサルフットサルフットサルフットサルフットサルフットサルフットサルフットサルフットサルフットサルフットサルフットサルフットサルフットサルフットサルフットサルフットサルフットサルフットサルフットサルフットサルフットサルフットサルフットサルフットサルフットサルフットサルフットサルフットサルフットサルフットサルフットサルフットサルフットサルフットサルフットサルフットサルフットサルフットサルフットサルフットサルフットサルフットサルフットサルフットサルフットサルフットサルフットサルフットサルフットサルフットサルフットサルフットサルフットサルフットサルフットサルフットサルフットサルフットサルフットサルフットサルフットサルフットサルフットサルフットサルフットサルフットサルフットサルフットサルフットサルフットサルフットサルフットサルフットサルフットサルフットサルフットサルフットサルフットサルフットサルフットサルフットサル,2021-05-12,18:00:00,14,あの場所あの場所あの場所あの場所あの場所あの場所あの場所あの場所あの場所あの場所あの場所あの場所あの場所あの場所あの場所あの場所あの場所あの場所あの場所あの場所あの場所あの場所あの場所あの場所あの場所あの場所あの場所あの場所あの場所あの場所あの場所あの場所あの場所あの場所あの場所あの場所あの場所あの場所あの場所あの場所あの場所あの場所あの場所あの場所あの場所あの場所あの場所あの場所あの場所あの場所あの場所あの場所あの場所あの場所あの場所あの場所あの場所あの場所あの場所あの場所あの場所あの場所あの場所あの場所あの場所あの場所あの場所あの場所あの場所あの場所あの場所あの場所あの場所あの場所あの場所あの場所あの場所あの場所あの場所あの場所あの場所あの場所あの場所あの場所あの場所,2,51
46,フットサルしよう13,フットサルフットサルフットサルフットサルフットサルフットサルフットサルフットサルフットサルフットサルフットサルフットサルフットサルフットサルフットサルフットサルフットサルフットサルフットサルフットサルフットサルフットサルフットサルフットサルフットサルフットサルフットサルフットサルフットサルフットサルフットサルフットサルフットサルフットサルフットサルフットサルフットサルフットサルフットサルフットサルフットサルフットサルフットサルフットサルフットサルフットサルフットサルフットサルフットサルフットサルフットサルフットサルフットサルフットサルフットサルフットサルフットサルフットサルフットサルフットサルフットサルフットサルフットサルフットサルフットサルフットサルフットサルフットサルフットサルフットサルフットサルフットサルフットサルフットサルフットサルフットサルフットサルフットサルフットサルフットサルフットサルフットサルフットサルフットサルフットサルフットサルフットサルフットサルフットサルフットサルフットサルフットサルフットサルフットサルフットサルフットサル,2021-05-13,10:00:00,4,あの場所あの場所あの場所あの場所あの場所あの場所あの場所あの場所あの場所あの場所あの場所あの場所あの場所あの場所あの場所あの場所あの場所あの場所あの場所あの場所あの場所あの場所あの場所あの場所あの場所あの場所あの場所あの場所あの場所あの場所あの場所あの場所あの場所あの場所あの場所あの場所あの場所あの場所あの場所あの場所あの場所あの場所あの場所あの場所あの場所あの場所あの場所あの場所あの場所あの場所あの場所あの場所あの場所あの場所あの場所あの場所あの場所あの場所あの場所あの場所あの場所あの場所あの場所あの場所あの場所あの場所あの場所あの場所あの場所あの場所あの場所あの場所あの場所あの場所あの場所あの場所あの場所あの場所あの場所あの場所あの場所あの場所あの場所あの場所あの場所,2,52
47,フットサルしよう14,フットサルフットサルフットサルフットサルフットサルフットサルフットサルフットサルフットサルフットサルフットサルフットサルフットサルフットサルフットサルフットサルフットサルフットサルフットサルフットサルフットサルフットサルフットサルフットサルフットサルフットサルフットサルフットサルフットサルフットサルフットサルフットサルフットサルフットサルフットサルフットサルフットサルフットサルフットサルフットサルフットサルフットサルフットサルフットサルフットサルフットサルフットサルフットサルフットサルフットサルフットサルフットサルフットサルフットサルフットサルフットサルフットサルフットサルフットサルフットサルフットサルフットサルフットサルフットサルフットサルフットサルフットサルフットサルフットサルフットサルフットサルフットサルフットサルフットサルフットサルフットサルフットサルフットサルフットサルフットサルフットサルフットサルフットサルフットサルフットサルフットサルフットサルフットサルフットサルフットサルフットサルフットサルフットサルフットサルフットサルフットサル,2021-05-14,15:00:00,13,あの場所あの場所あの場所あの場所あの場所あの場所あの場所あの場所あの場所あの場所あの場所あの場所あの場所あの場所あの場所あの場所あの場所あの場所あの場所あの場所あの場所あの場所あの場所あの場所あの場所あの場所あの場所あの場所あの場所あの場所あの場所あの場所あの場所あの場所あの場所あの場所あの場所あの場所あの場所あの場所あの場所あの場所あの場所あの場所あの場所あの場所あの場所あの場所あの場所あの場所あの場所あの場所あの場所あの場所あの場所あの場所あの場所あの場所あの場所あの場所あの場所あの場所あの場所あの場所あの場所あの場所あの場所あの場所あの場所あの場所あの場所あの場所あの場所あの場所あの場所あの場所あの場所あの場所あの場所あの場所あの場所あの場所あの場所あの場所あの場所,2,53
48,フットサルしよう15,フットサルフットサルフットサルフットサルフットサルフットサルフットサルフットサルフットサルフットサルフットサルフットサルフットサルフットサルフットサルフットサルフットサルフットサルフットサルフットサルフットサルフットサルフットサルフットサルフットサルフットサルフットサルフットサルフットサルフットサルフットサルフットサルフットサルフットサルフットサルフットサルフットサルフットサルフットサルフットサルフットサルフットサルフットサルフットサルフットサルフットサルフットサルフットサルフットサルフットサルフットサルフットサルフットサルフットサルフットサルフットサルフットサルフットサルフットサルフットサルフットサルフットサルフットサルフットサルフットサルフットサルフットサルフットサルフットサルフットサルフットサルフットサルフットサルフットサルフットサルフットサルフットサルフットサルフットサルフットサルフットサルフットサルフットサルフットサルフットサルフットサルフットサルフットサルフットサルフットサルフットサルフットサルフットサルフットサルフットサルフットサル,2021-05-15,18:00:00,16,あの場所あの場所あの場所あの場所あの場所あの場所あの場所あの場所あの場所あの場所あの場所あの場所あの場所あの場所あの場所あの場所あの場所あの場所あの場所あの場所あの場所あの場所あの場所あの場所あの場所あの場所あの場所あの場所あの場所あの場所あの場所あの場所あの場所あの場所あの場所あの場所あの場所あの場所あの場所あの場所あの場所あの場所あの場所あの場所あの場所あの場所あの場所あの場所あの場所あの場所あの場所あの場所あの場所あの場所あの場所あの場所あの場所あの場所あの場所あの場所あの場所あの場所あの場所あの場所あの場所あの場所あの場所あの場所あの場所あの場所あの場所あの場所あの場所あの場所あの場所あの場所あの場所あの場所あの場所あの場所あの場所あの場所あの場所あの場所あの場所,2,54
49,フットサルしよう16,フットサルフットサルフットサルフットサルフットサルフットサルフットサルフットサルフットサルフットサルフットサルフットサルフットサルフットサルフットサルフットサルフットサルフットサルフットサルフットサルフットサルフットサルフットサルフットサルフットサルフットサルフットサルフットサルフットサルフットサルフットサルフットサルフットサルフットサルフットサルフットサルフットサルフットサルフットサルフットサルフットサルフットサルフットサルフットサルフットサルフットサルフットサルフットサルフットサルフットサルフットサルフットサルフットサルフットサルフットサルフットサルフットサルフットサルフットサルフットサルフットサルフットサルフットサルフットサルフットサルフットサルフットサルフットサルフットサルフットサルフットサルフットサルフットサルフットサルフットサルフットサルフットサルフットサルフットサルフットサルフットサルフットサルフットサルフットサルフットサルフットサルフットサルフットサルフットサルフットサルフットサルフットサルフットサルフットサルフットサルフットサル,2021-05-16,10:00:00,3,あの場所あの場所あの場所あの場所あの場所あの場所あの場所あの場所あの場所あの場所あの場所あの場所あの場所あの場所あの場所あの場所あの場所あの場所あの場所あの場所あの場所あの場所あの場所あの場所あの場所あの場所あの場所あの場所あの場所あの場所あの場所あの場所あの場所あの場所あの場所あの場所あの場所あの場所あの場所あの場所あの場所あの場所あの場所あの場所あの場所あの場所あの場所あの場所あの場所あの場所あの場所あの場所あの場所あの場所あの場所あの場所あの場所あの場所あの場所あの場所あの場所あの場所あの場所あの場所あの場所あの場所あの場所あの場所あの場所あの場所あの場所あの場所あの場所あの場所あの場所あの場所あの場所あの場所あの場所あの場所あの場所あの場所あの場所あの場所あの場所,2,55
50,フットサルしよう17,フットサルフットサルフットサルフットサルフットサルフットサルフットサルフットサルフットサルフットサルフットサルフットサルフットサルフットサルフットサルフットサルフットサルフットサルフットサルフットサルフットサルフットサルフットサルフットサルフットサルフットサルフットサルフットサルフットサルフットサルフットサルフットサルフットサルフットサルフットサルフットサルフットサルフットサルフットサルフットサルフットサルフットサルフットサルフットサルフットサルフットサルフットサルフットサルフットサルフットサルフットサルフットサルフットサルフットサルフットサルフットサルフットサルフットサルフットサルフットサルフットサルフットサルフットサルフットサルフットサルフットサルフットサルフットサルフットサルフットサルフットサルフットサルフットサルフットサルフットサルフットサルフットサルフットサルフットサルフットサルフットサルフットサルフットサルフットサルフットサルフットサルフットサルフットサルフットサルフットサルフットサルフットサルフットサルフットサルフットサルフットサル,2021-05-17,15:00:00,10,あの場所あの場所あの場所あの場所あの場所あの場所あの場所あの場所あの場所あの場所あの場所あの場所あの場所あの場所あの場所あの場所あの場所あの場所あの場所あの場所あの場所あの場所あの場所あの場所あの場所あの場所あの場所あの場所あの場所あの場所あの場所あの場所あの場所あの場所あの場所あの場所あの場所あの場所あの場所あの場所あの場所あの場所あの場所あの場所あの場所あの場所あの場所あの場所あの場所あの場所あの場所あの場所あの場所あの場所あの場所あの場所あの場所あの場所あの場所あの場所あの場所あの場所あの場所あの場所あの場所あの場所あの場所あの場所あの場所あの場所あの場所あの場所あの場所あの場所あの場所あの場所あの場所あの場所あの場所あの場所あの場所あの場所あの場所あの場所あの場所,2,56
51,フットサルしよう18,フットサルフットサルフットサルフットサルフットサルフットサルフットサルフットサルフットサルフットサルフットサルフットサルフットサルフットサルフットサルフットサルフットサルフットサルフットサルフットサルフットサルフットサルフットサルフットサルフットサルフットサルフットサルフットサルフットサルフットサルフットサルフットサルフットサルフットサルフットサルフットサルフットサルフットサルフットサルフットサルフットサルフットサルフットサルフットサルフットサルフットサルフットサルフットサルフットサルフットサルフットサルフットサルフットサルフットサルフットサルフットサルフットサルフットサルフットサルフットサルフットサルフットサルフットサルフットサルフットサルフットサルフットサルフットサルフットサルフットサルフットサルフットサルフットサルフットサルフットサルフットサルフットサルフットサルフットサルフットサルフットサルフットサルフットサルフットサルフットサルフットサルフットサルフットサルフットサルフットサルフットサルフットサルフットサルフットサルフットサルフットサル,2021-05-18,18:00:00,14,あの場所あの場所あの場所あの場所あの場所あの場所あの場所あの場所あの場所あの場所あの場所あの場所あの場所あの場所あの場所あの場所あの場所あの場所あの場所あの場所あの場所あの場所あの場所あの場所あの場所あの場所あの場所あの場所あの場所あの場所あの場所あの場所あの場所あの場所あの場所あの場所あの場所あの場所あの場所あの場所あの場所あの場所あの場所あの場所あの場所あの場所あの場所あの場所あの場所あの場所あの場所あの場所あの場所あの場所あの場所あの場所あの場所あの場所あの場所あの場所あの場所あの場所あの場所あの場所あの場所あの場所あの場所あの場所あの場所あの場所あの場所あの場所あの場所あの場所あの場所あの場所あの場所あの場所あの場所あの場所あの場所あの場所あの場所あの場所あの場所,2,57
52,フットサルしよう19,フットサルフットサルフットサルフットサルフットサルフットサルフットサルフットサルフットサルフットサルフットサルフットサルフットサルフットサルフットサルフットサルフットサルフットサルフットサルフットサルフットサルフットサルフットサルフットサルフットサルフットサルフットサルフットサルフットサルフットサルフットサルフットサルフットサルフットサルフットサルフットサルフットサルフットサルフットサルフットサルフットサルフットサルフットサルフットサルフットサルフットサルフットサルフットサルフットサルフットサルフットサルフットサルフットサルフットサルフットサルフットサルフットサルフットサルフットサルフットサルフットサルフットサルフットサルフットサルフットサルフットサルフットサルフットサルフットサルフットサルフットサルフットサルフットサルフットサルフットサルフットサルフットサルフットサルフットサルフットサルフットサルフットサルフットサルフットサルフットサルフットサルフットサルフットサルフットサルフットサルフットサルフットサルフットサルフットサルフットサルフットサル,2021-05-19,10:00:00,4,あの場所あの場所あの場所あの場所あの場所あの場所あの場所あの場所あの場所あの場所あの場所あの場所あの場所あの場所あの場所あの場所あの場所あの場所あの場所あの場所あの場所あの場所あの場所あの場所あの場所あの場所あの場所あの場所あの場所あの場所あの場所あの場所あの場所あの場所あの場所あの場所あの場所あの場所あの場所あの場所あの場所あの場所あの場所あの場所あの場所あの場所あの場所あの場所あの場所あの場所あの場所あの場所あの場所あの場所あの場所あの場所あの場所あの場所あの場所あの場所あの場所あの場所あの場所あの場所あの場所あの場所あの場所あの場所あの場所あの場所あの場所あの場所あの場所あの場所あの場所あの場所あの場所あの場所あの場所あの場所あの場所あの場所あの場所あの場所あの場所,2,58
53,フットサルしよう20,フットサルフットサルフットサルフットサルフットサルフットサルフットサルフットサルフットサルフットサルフットサルフットサルフットサルフットサルフットサルフットサルフットサルフットサルフットサルフットサルフットサルフットサルフットサルフットサルフットサルフットサルフットサルフットサルフットサルフットサルフットサルフットサルフットサルフットサルフットサルフットサルフットサルフットサルフットサルフットサルフットサルフットサルフットサルフットサルフットサルフットサルフットサルフットサルフットサルフットサルフットサルフットサルフットサルフットサルフットサルフットサルフットサルフットサルフットサルフットサルフットサルフットサルフットサルフットサルフットサルフットサルフットサルフットサルフットサルフットサルフットサルフットサルフットサルフットサルフットサルフットサルフットサルフットサルフットサルフットサルフットサルフットサルフットサルフットサルフットサルフットサルフットサルフットサルフットサルフットサルフットサルフットサルフットサルフットサルフットサルフットサル,2021-05-20,15:00:00,13,あの場所あの場所あの場所あの場所あの場所あの場所あの場所あの場所あの場所あの場所あの場所あの場所あの場所あの場所あの場所あの場所あの場所あの場所あの場所あの場所あの場所あの場所あの場所あの場所あの場所あの場所あの場所あの場所あの場所あの場所あの場所あの場所あの場所あの場所あの場所あの場所あの場所あの場所あの場所あの場所あの場所あの場所あの場所あの場所あの場所あの場所あの場所あの場所あの場所あの場所あの場所あの場所あの場所あの場所あの場所あの場所あの場所あの場所あの場所あの場所あの場所あの場所あの場所あの場所あの場所あの場所あの場所あの場所あの場所あの場所あの場所あの場所あの場所あの場所あの場所あの場所あの場所あの場所あの場所あの場所あの場所あの場所あの場所あの場所あの場所,2,59
54,バッティング対決01,バッティングバッティングバッティングバッティングバッティングバッティングバッティングバッティングバッティングバッティングバッティングバッティングバッティングバッティングバッティングバッティングバッティングバッティングバッティングバッティングバッティングバッティングバッティングバッティングバッティングバッティングバッティングバッティングバッティングバッティングバッティングバッティングバッティングバッティングバッティングバッティングバッティングバッティングバッティングバッティングバッティングバッティングバッティングバッティングバッティングバッティングバッティングバッティングバッティングバッティングバッティングバッティングバッティングバッティングバッティングバッティングバッティングバッティングバッティングバッティングバッティングバッティングバッティングバッティングバッティングバッティングバッティングバッティングバッティングバッティングバッティングバッティングバッティングバッティングバッティングバッティングバッティングバッティングバッティングバッティングバッティングバッティングバッティングバッティングバッティングバッティングバッティングバッティングバッティングバッティングバッティング,2021-05-21,18:00:00,16,あの場所あの場所あの場所あの場所あの場所あの場所あの場所あの場所あの場所あの場所あの場所あの場所あの場所あの場所あの場所あの場所あの場所あの場所あの場所あの場所あの場所あの場所あの場所あの場所あの場所あの場所あの場所あの場所あの場所あの場所あの場所あの場所あの場所あの場所あの場所あの場所あの場所あの場所あの場所あの場所あの場所あの場所あの場所あの場所あの場所あの場所あの場所あの場所あの場所あの場所あの場所あの場所あの場所あの場所あの場所あの場所あの場所あの場所あの場所あの場所あの場所あの場所あの場所あの場所あの場所あの場所あの場所あの場所あの場所あの場所あの場所あの場所あの場所あの場所あの場所あの場所あの場所あの場所あの場所あの場所あの場所あの場所あの場所あの場所あの場所,3,60
55,バッティング対決02,バッティングバッティングバッティングバッティングバッティングバッティングバッティングバッティングバッティングバッティングバッティングバッティングバッティングバッティングバッティングバッティングバッティングバッティングバッティングバッティングバッティングバッティングバッティングバッティングバッティングバッティングバッティングバッティングバッティングバッティングバッティングバッティングバッティングバッティングバッティングバッティングバッティングバッティングバッティングバッティングバッティングバッティングバッティングバッティングバッティングバッティングバッティングバッティングバッティングバッティングバッティングバッティングバッティングバッティングバッティングバッティングバッティングバッティングバッティングバッティングバッティングバッティングバッティングバッティングバッティングバッティングバッティングバッティングバッティングバッティングバッティングバッティングバッティングバッティングバッティングバッティングバッティングバッティングバッティングバッティングバッティングバッティングバッティングバッティングバッティングバッティングバッティングバッティングバッティングバッティングバッティング,2021-05-22,10:00:00,3,あの場所あの場所あの場所あの場所あの場所あの場所あの場所あの場所あの場所あの場所あの場所あの場所あの場所あの場所あの場所あの場所あの場所あの場所あの場所あの場所あの場所あの場所あの場所あの場所あの場所あの場所あの場所あの場所あの場所あの場所あの場所あの場所あの場所あの場所あの場所あの場所あの場所あの場所あの場所あの場所あの場所あの場所あの場所あの場所あの場所あの場所あの場所あの場所あの場所あの場所あの場所あの場所あの場所あの場所あの場所あの場所あの場所あの場所あの場所あの場所あの場所あの場所あの場所あの場所あの場所あの場所あの場所あの場所あの場所あの場所あの場所あの場所あの場所あの場所あの場所あの場所あの場所あの場所あの場所あの場所あの場所あの場所あの場所あの場所あの場所,3,61
56,バッティング対決03,バッティングバッティングバッティングバッティングバッティングバッティングバッティングバッティングバッティングバッティングバッティングバッティングバッティングバッティングバッティングバッティングバッティングバッティングバッティングバッティングバッティングバッティングバッティングバッティングバッティングバッティングバッティングバッティングバッティングバッティングバッティングバッティングバッティングバッティングバッティングバッティングバッティングバッティングバッティングバッティングバッティングバッティングバッティングバッティングバッティングバッティングバッティングバッティングバッティングバッティングバッティングバッティングバッティングバッティングバッティングバッティングバッティングバッティングバッティングバッティングバッティングバッティングバッティングバッティングバッティングバッティングバッティングバッティングバッティングバッティングバッティングバッティングバッティングバッティングバッティングバッティングバッティングバッティングバッティングバッティングバッティングバッティングバッティングバッティングバッティングバッティングバッティングバッティングバッティングバッティングバッティング,2021-05-23,15:00:00,10,あの場所あの場所あの場所あの場所あの場所あの場所あの場所あの場所あの場所あの場所あの場所あの場所あの場所あの場所あの場所あの場所あの場所あの場所あの場所あの場所あの場所あの場所あの場所あの場所あの場所あの場所あの場所あの場所あの場所あの場所あの場所あの場所あの場所あの場所あの場所あの場所あの場所あの場所あの場所あの場所あの場所あの場所あの場所あの場所あの場所あの場所あの場所あの場所あの場所あの場所あの場所あの場所あの場所あの場所あの場所あの場所あの場所あの場所あの場所あの場所あの場所あの場所あの場所あの場所あの場所あの場所あの場所あの場所あの場所あの場所あの場所あの場所あの場所あの場所あの場所あの場所あの場所あの場所あの場所あの場所あの場所あの場所あの場所あの場所あの場所,3,62
57,バッティング対決04,バッティングバッティングバッティングバッティングバッティングバッティングバッティングバッティングバッティングバッティングバッティングバッティングバッティングバッティングバッティングバッティングバッティングバッティングバッティングバッティングバッティングバッティングバッティングバッティングバッティングバッティングバッティングバッティングバッティングバッティングバッティングバッティングバッティングバッティングバッティングバッティングバッティングバッティングバッティングバッティングバッティングバッティングバッティングバッティングバッティングバッティングバッティングバッティングバッティングバッティングバッティングバッティングバッティングバッティングバッティングバッティングバッティングバッティングバッティングバッティングバッティングバッティングバッティングバッティングバッティングバッティングバッティングバッティングバッティングバッティングバッティングバッティングバッティングバッティングバッティングバッティングバッティングバッティングバッティングバッティングバッティングバッティングバッティングバッティングバッティングバッティングバッティングバッティングバッティングバッティングバッティング,2021-05-24,18:00:00,14,あの場所あの場所あの場所あの場所あの場所あの場所あの場所あの場所あの場所あの場所あの場所あの場所あの場所あの場所あの場所あの場所あの場所あの場所あの場所あの場所あの場所あの場所あの場所あの場所あの場所あの場所あの場所あの場所あの場所あの場所あの場所あの場所あの場所あの場所あの場所あの場所あの場所あの場所あの場所あの場所あの場所あの場所あの場所あの場所あの場所あの場所あの場所あの場所あの場所あの場所あの場所あの場所あの場所あの場所あの場所あの場所あの場所あの場所あの場所あの場所あの場所あの場所あの場所あの場所あの場所あの場所あの場所あの場所あの場所あの場所あの場所あの場所あの場所あの場所あの場所あの場所あの場所あの場所あの場所あの場所あの場所あの場所あの場所あの場所あの場所,3,63
58,バッティング対決05,バッティングバッティングバッティングバッティングバッティングバッティングバッティングバッティングバッティングバッティングバッティングバッティングバッティングバッティングバッティングバッティングバッティングバッティングバッティングバッティングバッティングバッティングバッティングバッティングバッティングバッティングバッティングバッティングバッティングバッティングバッティングバッティングバッティングバッティングバッティングバッティングバッティングバッティングバッティングバッティングバッティングバッティングバッティングバッティングバッティングバッティングバッティングバッティングバッティングバッティングバッティングバッティングバッティングバッティングバッティングバッティングバッティングバッティングバッティングバッティングバッティングバッティングバッティングバッティングバッティングバッティングバッティングバッティングバッティングバッティングバッティングバッティングバッティングバッティングバッティングバッティングバッティングバッティングバッティングバッティングバッティングバッティングバッティングバッティングバッティングバッティングバッティングバッティングバッティングバッティングバッティング,2021-05-25,10:00:00,4,あの場所あの場所あの場所あの場所あの場所あの場所あの場所あの場所あの場所あの場所あの場所あの場所あの場所あの場所あの場所あの場所あの場所あの場所あの場所あの場所あの場所あの場所あの場所あの場所あの場所あの場所あの場所あの場所あの場所あの場所あの場所あの場所あの場所あの場所あの場所あの場所あの場所あの場所あの場所あの場所あの場所あの場所あの場所あの場所あの場所あの場所あの場所あの場所あの場所あの場所あの場所あの場所あの場所あの場所あの場所あの場所あの場所あの場所あの場所あの場所あの場所あの場所あの場所あの場所あの場所あの場所あの場所あの場所あの場所あの場所あの場所あの場所あの場所あの場所あの場所あの場所あの場所あの場所あの場所あの場所あの場所あの場所あの場所あの場所あの場所,3,64
59,バッティング対決06,バッティングバッティングバッティングバッティングバッティングバッティングバッティングバッティングバッティングバッティングバッティングバッティングバッティングバッティングバッティングバッティングバッティングバッティングバッティングバッティングバッティングバッティングバッティングバッティングバッティングバッティングバッティングバッティングバッティングバッティングバッティングバッティングバッティングバッティングバッティングバッティングバッティングバッティングバッティングバッティングバッティングバッティングバッティングバッティングバッティングバッティングバッティングバッティングバッティングバッティングバッティングバッティングバッティングバッティングバッティングバッティングバッティングバッティングバッティングバッティングバッティングバッティングバッティングバッティングバッティングバッティングバッティングバッティングバッティングバッティングバッティングバッティングバッティングバッティングバッティングバッティングバッティングバッティングバッティングバッティングバッティングバッティングバッティングバッティングバッティングバッティングバッティングバッティングバッティングバッティングバッティング,2021-05-26,15:00:00,13,あの場所あの場所あの場所あの場所あの場所あの場所あの場所あの場所あの場所あの場所あの場所あの場所あの場所あの場所あの場所あの場所あの場所あの場所あの場所あの場所あの場所あの場所あの場所あの場所あの場所あの場所あの場所あの場所あの場所あの場所あの場所あの場所あの場所あの場所あの場所あの場所あの場所あの場所あの場所あの場所あの場所あの場所あの場所あの場所あの場所あの場所あの場所あの場所あの場所あの場所あの場所あの場所あの場所あの場所あの場所あの場所あの場所あの場所あの場所あの場所あの場所あの場所あの場所あの場所あの場所あの場所あの場所あの場所あの場所あの場所あの場所あの場所あの場所あの場所あの場所あの場所あの場所あの場所あの場所あの場所あの場所あの場所あの場所あの場所あの場所,3,65
60,バッティング対決07,バッティングバッティングバッティングバッティングバッティングバッティングバッティングバッティングバッティングバッティングバッティングバッティングバッティングバッティングバッティングバッティングバッティングバッティングバッティングバッティングバッティングバッティングバッティングバッティングバッティングバッティングバッティングバッティングバッティングバッティングバッティングバッティングバッティングバッティングバッティングバッティングバッティングバッティングバッティングバッティングバッティングバッティングバッティングバッティングバッティングバッティングバッティングバッティングバッティングバッティングバッティングバッティングバッティングバッティングバッティングバッティングバッティングバッティングバッティングバッティングバッティングバッティングバッティングバッティングバッティングバッティングバッティングバッティングバッティングバッティングバッティングバッティングバッティングバッティングバッティングバッティングバッティングバッティングバッティングバッティングバッティングバッティングバッティングバッティングバッティングバッティングバッティングバッティングバッティングバッティングバッティング,2021-05-27,18:00:00,16,あの場所あの場所あの場所あの場所あの場所あの場所あの場所あの場所あの場所あの場所あの場所あの場所あの場所あの場所あの場所あの場所あの場所あの場所あの場所あの場所あの場所あの場所あの場所あの場所あの場所あの場所あの場所あの場所あの場所あの場所あの場所あの場所あの場所あの場所あの場所あの場所あの場所あの場所あの場所あの場所あの場所あの場所あの場所あの場所あの場所あの場所あの場所あの場所あの場所あの場所あの場所あの場所あの場所あの場所あの場所あの場所あの場所あの場所あの場所あの場所あの場所あの場所あの場所あの場所あの場所あの場所あの場所あの場所あの場所あの場所あの場所あの場所あの場所あの場所あの場所あの場所あの場所あの場所あの場所あの場所あの場所あの場所あの場所あの場所あの場所,3,66
61,バッティング対決08,バッティングバッティングバッティングバッティングバッティングバッティングバッティングバッティングバッティングバッティングバッティングバッティングバッティングバッティングバッティングバッティングバッティングバッティングバッティングバッティングバッティングバッティングバッティングバッティングバッティングバッティングバッティングバッティングバッティングバッティングバッティングバッティングバッティングバッティングバッティングバッティングバッティングバッティングバッティングバッティングバッティングバッティングバッティングバッティングバッティングバッティングバッティングバッティングバッティングバッティングバッティングバッティングバッティングバッティングバッティングバッティングバッティングバッティングバッティングバッティングバッティングバッティングバッティングバッティングバッティングバッティングバッティングバッティングバッティングバッティングバッティングバッティングバッティングバッティングバッティングバッティングバッティングバッティングバッティングバッティングバッティングバッティングバッティングバッティングバッティングバッティングバッティングバッティングバッティングバッティングバッティング,2021-05-28,10:00:00,3,あの場所あの場所あの場所あの場所あの場所あの場所あの場所あの場所あの場所あの場所あの場所あの場所あの場所あの場所あの場所あの場所あの場所あの場所あの場所あの場所あの場所あの場所あの場所あの場所あの場所あの場所あの場所あの場所あの場所あの場所あの場所あの場所あの場所あの場所あの場所あの場所あの場所あの場所あの場所あの場所あの場所あの場所あの場所あの場所あの場所あの場所あの場所あの場所あの場所あの場所あの場所あの場所あの場所あの場所あの場所あの場所あの場所あの場所あの場所あの場所あの場所あの場所あの場所あの場所あの場所あの場所あの場所あの場所あの場所あの場所あの場所あの場所あの場所あの場所あの場所あの場所あの場所あの場所あの場所あの場所あの場所あの場所あの場所あの場所あの場所,3,67
62,バッティング対決09,バッティングバッティングバッティングバッティングバッティングバッティングバッティングバッティングバッティングバッティングバッティングバッティングバッティングバッティングバッティングバッティングバッティングバッティングバッティングバッティングバッティングバッティングバッティングバッティングバッティングバッティングバッティングバッティングバッティングバッティングバッティングバッティングバッティングバッティングバッティングバッティングバッティングバッティングバッティングバッティングバッティングバッティングバッティングバッティングバッティングバッティングバッティングバッティングバッティングバッティングバッティングバッティングバッティングバッティングバッティングバッティングバッティングバッティングバッティングバッティングバッティングバッティングバッティングバッティングバッティングバッティングバッティングバッティングバッティングバッティングバッティングバッティングバッティングバッティングバッティングバッティングバッティングバッティングバッティングバッティングバッティングバッティングバッティングバッティングバッティングバッティングバッティングバッティングバッティングバッティングバッティング,2021-05-29,15:00:00,10,あの場所あの場所あの場所あの場所あの場所あの場所あの場所あの場所あの場所あの場所あの場所あの場所あの場所あの場所あの場所あの場所あの場所あの場所あの場所あの場所あの場所あの場所あの場所あの場所あの場所あの場所あの場所あの場所あの場所あの場所あの場所あの場所あの場所あの場所あの場所あの場所あの場所あの場所あの場所あの場所あの場所あの場所あの場所あの場所あの場所あの場所あの場所あの場所あの場所あの場所あの場所あの場所あの場所あの場所あの場所あの場所あの場所あの場所あの場所あの場所あの場所あの場所あの場所あの場所あの場所あの場所あの場所あの場所あの場所あの場所あの場所あの場所あの場所あの場所あの場所あの場所あの場所あの場所あの場所あの場所あの場所あの場所あの場所あの場所あの場所,3,68
63,バッティング対決10,バッティングバッティングバッティングバッティングバッティングバッティングバッティングバッティングバッティングバッティングバッティングバッティングバッティングバッティングバッティングバッティングバッティングバッティングバッティングバッティングバッティングバッティングバッティングバッティングバッティングバッティングバッティングバッティングバッティングバッティングバッティングバッティングバッティングバッティングバッティングバッティングバッティングバッティングバッティングバッティングバッティングバッティングバッティングバッティングバッティングバッティングバッティングバッティングバッティングバッティングバッティングバッティングバッティングバッティングバッティングバッティングバッティングバッティングバッティングバッティングバッティングバッティングバッティングバッティングバッティングバッティングバッティングバッティングバッティングバッティングバッティングバッティングバッティングバッティングバッティングバッティングバッティングバッティングバッティングバッティングバッティングバッティングバッティングバッティングバッティングバッティングバッティングバッティングバッティングバッティングバッティング,2021-05-30,18:00:00,14,あの場所あの場所あの場所あの場所あの場所あの場所あの場所あの場所あの場所あの場所あの場所あの場所あの場所あの場所あの場所あの場所あの場所あの場所あの場所あの場所あの場所あの場所あの場所あの場所あの場所あの場所あの場所あの場所あの場所あの場所あの場所あの場所あの場所あの場所あの場所あの場所あの場所あの場所あの場所あの場所あの場所あの場所あの場所あの場所あの場所あの場所あの場所あの場所あの場所あの場所あの場所あの場所あの場所あの場所あの場所あの場所あの場所あの場所あの場所あの場所あの場所あの場所あの場所あの場所あの場所あの場所あの場所あの場所あの場所あの場所あの場所あの場所あの場所あの場所あの場所あの場所あの場所あの場所あの場所あの場所あの場所あの場所あの場所あの場所あの場所,3,69
64,バッティング対決11,バッティングバッティングバッティングバッティングバッティングバッティングバッティングバッティングバッティングバッティングバッティングバッティングバッティングバッティングバッティングバッティングバッティングバッティングバッティングバッティングバッティングバッティングバッティングバッティングバッティングバッティングバッティングバッティングバッティングバッティングバッティングバッティングバッティングバッティングバッティングバッティングバッティングバッティングバッティングバッティングバッティングバッティングバッティングバッティングバッティングバッティングバッティングバッティングバッティングバッティングバッティングバッティングバッティングバッティングバッティングバッティングバッティングバッティングバッティングバッティングバッティングバッティングバッティングバッティングバッティングバッティングバッティングバッティングバッティングバッティングバッティングバッティングバッティングバッティングバッティングバッティングバッティングバッティングバッティングバッティングバッティングバッティングバッティングバッティングバッティングバッティングバッティングバッティングバッティングバッティングバッティング,2021-05-31,10:00:00,4,あの場所あの場所あの場所あの場所あの場所あの場所あの場所あの場所あの場所あの場所あの場所あの場所あの場所あの場所あの場所あの場所あの場所あの場所あの場所あの場所あの場所あの場所あの場所あの場所あの場所あの場所あの場所あの場所あの場所あの場所あの場所あの場所あの場所あの場所あの場所あの場所あの場所あの場所あの場所あの場所あの場所あの場所あの場所あの場所あの場所あの場所あの場所あの場所あの場所あの場所あの場所あの場所あの場所あの場所あの場所あの場所あの場所あの場所あの場所あの場所あの場所あの場所あの場所あの場所あの場所あの場所あの場所あの場所あの場所あの場所あの場所あの場所あの場所あの場所あの場所あの場所あの場所あの場所あの場所あの場所あの場所あの場所あの場所あの場所あの場所,3,70
65,バッティング対決12,バッティングバッティングバッティングバッティングバッティングバッティングバッティングバッティングバッティングバッティングバッティングバッティングバッティングバッティングバッティングバッティングバッティングバッティングバッティングバッティングバッティングバッティングバッティングバッティングバッティングバッティングバッティングバッティングバッティングバッティングバッティングバッティングバッティングバッティングバッティングバッティングバッティングバッティングバッティングバッティングバッティングバッティングバッティングバッティングバッティングバッティングバッティングバッティングバッティングバッティングバッティングバッティングバッティングバッティングバッティングバッティングバッティングバッティングバッティングバッティングバッティングバッティングバッティングバッティングバッティングバッティングバッティングバッティングバッティングバッティングバッティングバッティングバッティングバッティングバッティングバッティングバッティングバッティングバッティングバッティングバッティングバッティングバッティングバッティングバッティングバッティングバッティングバッティングバッティングバッティングバッティング,2021-06-01,15:00:00,13,あの場所あの場所あの場所あの場所あの場所あの場所あの場所あの場所あの場所あの場所あの場所あの場所あの場所あの場所あの場所あの場所あの場所あの場所あの場所あの場所あの場所あの場所あの場所あの場所あの場所あの場所あの場所あの場所あの場所あの場所あの場所あの場所あの場所あの場所あの場所あの場所あの場所あの場所あの場所あの場所あの場所あの場所あの場所あの場所あの場所あの場所あの場所あの場所あの場所あの場所あの場所あの場所あの場所あの場所あの場所あの場所あの場所あの場所あの場所あの場所あの場所あの場所あの場所あの場所あの場所あの場所あの場所あの場所あの場所あの場所あの場所あの場所あの場所あの場所あの場所あの場所あの場所あの場所あの場所あの場所あの場所あの場所あの場所あの場所あの場所,3,71
66,バッティング対決13,バッティングバッティングバッティングバッティングバッティングバッティングバッティングバッティングバッティングバッティングバッティングバッティングバッティングバッティングバッティングバッティングバッティングバッティングバッティングバッティングバッティングバッティングバッティングバッティングバッティングバッティングバッティングバッティングバッティングバッティングバッティングバッティングバッティングバッティングバッティングバッティングバッティングバッティングバッティングバッティングバッティングバッティングバッティングバッティングバッティングバッティングバッティングバッティングバッティングバッティングバッティングバッティングバッティングバッティングバッティングバッティングバッティングバッティングバッティングバッティングバッティングバッティングバッティングバッティングバッティングバッティングバッティングバッティングバッティングバッティングバッティングバッティングバッティングバッティングバッティングバッティングバッティングバッティングバッティングバッティングバッティングバッティングバッティングバッティングバッティングバッティングバッティングバッティングバッティングバッティングバッティング,2021-06-02,18:00:00,16,あの場所あの場所あの場所あの場所あの場所あの場所あの場所あの場所あの場所あの場所あの場所あの場所あの場所あの場所あの場所あの場所あの場所あの場所あの場所あの場所あの場所あの場所あの場所あの場所あの場所あの場所あの場所あの場所あの場所あの場所あの場所あの場所あの場所あの場所あの場所あの場所あの場所あの場所あの場所あの場所あの場所あの場所あの場所あの場所あの場所あの場所あの場所あの場所あの場所あの場所あの場所あの場所あの場所あの場所あの場所あの場所あの場所あの場所あの場所あの場所あの場所あの場所あの場所あの場所あの場所あの場所あの場所あの場所あの場所あの場所あの場所あの場所あの場所あの場所あの場所あの場所あの場所あの場所あの場所あの場所あの場所あの場所あの場所あの場所あの場所,3,72
67,バッティング対決14,バッティングバッティングバッティングバッティングバッティングバッティングバッティングバッティングバッティングバッティングバッティングバッティングバッティングバッティングバッティングバッティングバッティングバッティングバッティングバッティングバッティングバッティングバッティングバッティングバッティングバッティングバッティングバッティングバッティングバッティングバッティングバッティングバッティングバッティングバッティングバッティングバッティングバッティングバッティングバッティングバッティングバッティングバッティングバッティングバッティングバッティングバッティングバッティングバッティングバッティングバッティングバッティングバッティングバッティングバッティングバッティングバッティングバッティングバッティングバッティングバッティングバッティングバッティングバッティングバッティングバッティングバッティングバッティングバッティングバッティングバッティングバッティングバッティングバッティングバッティングバッティングバッティングバッティングバッティングバッティングバッティングバッティングバッティングバッティングバッティングバッティングバッティングバッティングバッティングバッティングバッティング,2021-06-03,10:00:00,3,あの場所あの場所あの場所あの場所あの場所あの場所あの場所あの場所あの場所あの場所あの場所あの場所あの場所あの場所あの場所あの場所あの場所あの場所あの場所あの場所あの場所あの場所あの場所あの場所あの場所あの場所あの場所あの場所あの場所あの場所あの場所あの場所あの場所あの場所あの場所あの場所あの場所あの場所あの場所あの場所あの場所あの場所あの場所あの場所あの場所あの場所あの場所あの場所あの場所あの場所あの場所あの場所あの場所あの場所あの場所あの場所あの場所あの場所あの場所あの場所あの場所あの場所あの場所あの場所あの場所あの場所あの場所あの場所あの場所あの場所あの場所あの場所あの場所あの場所あの場所あの場所あの場所あの場所あの場所あの場所あの場所あの場所あの場所あの場所あの場所,3,73
68,バッティング対決15,バッティングバッティングバッティングバッティングバッティングバッティングバッティングバッティングバッティングバッティングバッティングバッティングバッティングバッティングバッティングバッティングバッティングバッティングバッティングバッティングバッティングバッティングバッティングバッティングバッティングバッティングバッティングバッティングバッティングバッティングバッティングバッティングバッティングバッティングバッティングバッティングバッティングバッティングバッティングバッティングバッティングバッティングバッティングバッティングバッティングバッティングバッティングバッティングバッティングバッティングバッティングバッティングバッティングバッティングバッティングバッティングバッティングバッティングバッティングバッティングバッティングバッティングバッティングバッティングバッティングバッティングバッティングバッティングバッティングバッティングバッティングバッティングバッティングバッティングバッティングバッティングバッティングバッティングバッティングバッティングバッティングバッティングバッティングバッティングバッティングバッティングバッティングバッティングバッティングバッティングバッティング,2021-06-04,15:00:00,10,あの場所あの場所あの場所あの場所あの場所あの場所あの場所あの場所あの場所あの場所あの場所あの場所あの場所あの場所あの場所あの場所あの場所あの場所あの場所あの場所あの場所あの場所あの場所あの場所あの場所あの場所あの場所あの場所あの場所あの場所あの場所あの場所あの場所あの場所あの場所あの場所あの場所あの場所あの場所あの場所あの場所あの場所あの場所あの場所あの場所あの場所あの場所あの場所あの場所あの場所あの場所あの場所あの場所あの場所あの場所あの場所あの場所あの場所あの場所あの場所あの場所あの場所あの場所あの場所あの場所あの場所あの場所あの場所あの場所あの場所あの場所あの場所あの場所あの場所あの場所あの場所あの場所あの場所あの場所あの場所あの場所あの場所あの場所あの場所あの場所,3,74
69,バッティング対決16,バッティングバッティングバッティングバッティングバッティングバッティングバッティングバッティングバッティングバッティングバッティングバッティングバッティングバッティングバッティングバッティングバッティングバッティングバッティングバッティングバッティングバッティングバッティングバッティングバッティングバッティングバッティングバッティングバッティングバッティングバッティングバッティングバッティングバッティングバッティングバッティングバッティングバッティングバッティングバッティングバッティングバッティングバッティングバッティングバッティングバッティングバッティングバッティングバッティングバッティングバッティングバッティングバッティングバッティングバッティングバッティングバッティングバッティングバッティングバッティングバッティングバッティングバッティングバッティングバッティングバッティングバッティングバッティングバッティングバッティングバッティングバッティングバッティングバッティングバッティングバッティングバッティングバッティングバッティングバッティングバッティングバッティングバッティングバッティングバッティングバッティングバッティングバッティングバッティングバッティングバッティング,2021-06-05,18:00:00,14,あの場所あの場所あの場所あの場所あの場所あの場所あの場所あの場所あの場所あの場所あの場所あの場所あの場所あの場所あの場所あの場所あの場所あの場所あの場所あの場所あの場所あの場所あの場所あの場所あの場所あの場所あの場所あの場所あの場所あの場所あの場所あの場所あの場所あの場所あの場所あの場所あの場所あの場所あの場所あの場所あの場所あの場所あの場所あの場所あの場所あの場所あの場所あの場所あの場所あの場所あの場所あの場所あの場所あの場所あの場所あの場所あの場所あの場所あの場所あの場所あの場所あの場所あの場所あの場所あの場所あの場所あの場所あの場所あの場所あの場所あの場所あの場所あの場所あの場所あの場所あの場所あの場所あの場所あの場所あの場所あの場所あの場所あの場所あの場所あの場所,3,75
70,バッティング対決17,バッティングバッティングバッティングバッティングバッティングバッティングバッティングバッティングバッティングバッティングバッティングバッティングバッティングバッティングバッティングバッティングバッティングバッティングバッティングバッティングバッティングバッティングバッティングバッティングバッティングバッティングバッティングバッティングバッティングバッティングバッティングバッティングバッティングバッティングバッティングバッティングバッティングバッティングバッティングバッティングバッティングバッティングバッティングバッティングバッティングバッティングバッティングバッティングバッティングバッティングバッティングバッティングバッティングバッティングバッティングバッティングバッティングバッティングバッティングバッティングバッティングバッティングバッティングバッティングバッティングバッティングバッティングバッティングバッティングバッティングバッティングバッティングバッティングバッティングバッティングバッティングバッティングバッティングバッティングバッティングバッティングバッティングバッティングバッティングバッティングバッティングバッティングバッティングバッティングバッティングバッティング,2021-06-06,10:00:00,4,あの場所あの場所あの場所あの場所あの場所あの場所あの場所あの場所あの場所あの場所あの場所あの場所あの場所あの場所あの場所あの場所あの場所あの場所あの場所あの場所あの場所あの場所あの場所あの場所あの場所あの場所あの場所あの場所あの場所あの場所あの場所あの場所あの場所あの場所あの場所あの場所あの場所あの場所あの場所あの場所あの場所あの場所あの場所あの場所あの場所あの場所あの場所あの場所あの場所あの場所あの場所あの場所あの場所あの場所あの場所あの場所あの場所あの場所あの場所あの場所あの場所あの場所あの場所あの場所あの場所あの場所あの場所あの場所あの場所あの場所あの場所あの場所あの場所あの場所あの場所あの場所あの場所あの場所あの場所あの場所あの場所あの場所あの場所あの場所あの場所,3,76
71,バッティング対決18,バッティングバッティングバッティングバッティングバッティングバッティングバッティングバッティングバッティングバッティングバッティングバッティングバッティングバッティングバッティングバッティングバッティングバッティングバッティングバッティングバッティングバッティングバッティングバッティングバッティングバッティングバッティングバッティングバッティングバッティングバッティングバッティングバッティングバッティングバッティングバッティングバッティングバッティングバッティングバッティングバッティングバッティングバッティングバッティングバッティングバッティングバッティングバッティングバッティングバッティングバッティングバッティングバッティングバッティングバッティングバッティングバッティングバッティングバッティングバッティングバッティングバッティングバッティングバッティングバッティングバッティングバッティングバッティングバッティングバッティングバッティングバッティングバッティングバッティングバッティングバッティングバッティングバッティングバッティングバッティングバッティングバッティングバッティングバッティングバッティングバッティングバッティングバッティングバッティングバッティングバッティング,2021-06-07,15:00:00,13,あの場所あの場所あの場所あの場所あの場所あの場所あの場所あの場所あの場所あの場所あの場所あの場所あの場所あの場所あの場所あの場所あの場所あの場所あの場所あの場所あの場所あの場所あの場所あの場所あの場所あの場所あの場所あの場所あの場所あの場所あの場所あの場所あの場所あの場所あの場所あの場所あの場所あの場所あの場所あの場所あの場所あの場所あの場所あの場所あの場所あの場所あの場所あの場所あの場所あの場所あの場所あの場所あの場所あの場所あの場所あの場所あの場所あの場所あの場所あの場所あの場所あの場所あの場所あの場所あの場所あの場所あの場所あの場所あの場所あの場所あの場所あの場所あの場所あの場所あの場所あの場所あの場所あの場所あの場所あの場所あの場所あの場所あの場所あの場所あの場所,3,77
72,バッティング対決19,バッティングバッティングバッティングバッティングバッティングバッティングバッティングバッティングバッティングバッティングバッティングバッティングバッティングバッティングバッティングバッティングバッティングバッティングバッティングバッティングバッティングバッティングバッティングバッティングバッティングバッティングバッティングバッティングバッティングバッティングバッティングバッティングバッティングバッティングバッティングバッティングバッティングバッティングバッティングバッティングバッティングバッティングバッティングバッティングバッティングバッティングバッティングバッティングバッティングバッティングバッティングバッティングバッティングバッティングバッティングバッティングバッティングバッティングバッティングバッティングバッティングバッティングバッティングバッティングバッティングバッティングバッティングバッティングバッティングバッティングバッティングバッティングバッティングバッティングバッティングバッティングバッティングバッティングバッティングバッティングバッティングバッティングバッティングバッティングバッティングバッティングバッティングバッティングバッティングバッティングバッティング,2021-06-08,18:00:00,16,あの場所あの場所あの場所あの場所あの場所あの場所あの場所あの場所あの場所あの場所あの場所あの場所あの場所あの場所あの場所あの場所あの場所あの場所あの場所あの場所あの場所あの場所あの場所あの場所あの場所あの場所あの場所あの場所あの場所あの場所あの場所あの場所あの場所あの場所あの場所あの場所あの場所あの場所あの場所あの場所あの場所あの場所あの場所あの場所あの場所あの場所あの場所あの場所あの場所あの場所あの場所あの場所あの場所あの場所あの場所あの場所あの場所あの場所あの場所あの場所あの場所あの場所あの場所あの場所あの場所あの場所あの場所あの場所あの場所あの場所あの場所あの場所あの場所あの場所あの場所あの場所あの場所あの場所あの場所あの場所あの場所あの場所あの場所あの場所あの場所,3,78
73,バッティング対決20,バッティングバッティングバッティングバッティングバッティングバッティングバッティングバッティングバッティングバッティングバッティングバッティングバッティングバッティングバッティングバッティングバッティングバッティングバッティングバッティングバッティングバッティングバッティングバッティングバッティングバッティングバッティングバッティングバッティングバッティングバッティングバッティングバッティングバッティングバッティングバッティングバッティングバッティングバッティングバッティングバッティングバッティングバッティングバッティングバッティングバッティングバッティングバッティングバッティングバッティングバッティングバッティングバッティングバッティングバッティングバッティングバッティングバッティングバッティングバッティングバッティングバッティングバッティングバッティングバッティングバッティングバッティングバッティングバッティングバッティングバッティングバッティングバッティングバッティングバッティングバッティングバッティングバッティングバッティングバッティングバッティングバッティングバッティングバッティングバッティングバッティングバッティングバッティングバッティングバッティングバッティング,2021-06-09,10:00:00,3,あの場所あの場所あの場所あの場所あの場所あの場所あの場所あの場所あの場所あの場所あの場所あの場所あの場所あの場所あの場所あの場所あの場所あの場所あの場所あの場所あの場所あの場所あの場所あの場所あの場所あの場所あの場所あの場所あの場所あの場所あの場所あの場所あの場所あの場所あの場所あの場所あの場所あの場所あの場所あの場所あの場所あの場所あの場所あの場所あの場所あの場所あの場所あの場所あの場所あの場所あの場所あの場所あの場所あの場所あの場所あの場所あの場所あの場所あの場所あの場所あの場所あの場所あの場所あの場所あの場所あの場所あの場所あの場所あの場所あの場所あの場所あの場所あの場所あの場所あの場所あの場所あの場所あの場所あの場所あの場所あの場所あの場所あの場所あの場所あの場所,3,79
74,テニスダブルスしようぜ01,テニステニステニステニステニステニステニステニステニステニステニステニステニステニステニステニステニステニステニステニステニステニステニステニステニステニステニステニステニステニステニステニステニステニステニステニステニステニステニステニステニステニステニステニステニステニステニステニステニステニステニステニステニステニステニステニステニステニステニステニステニステニステニステニステニステニステニステニステニステニステニステニステニステニステニステニステニステニステニステニステニステニステニステニステニステニステニステニステニステニステニステニステニステニステニステニステニステニステニステニステニステニステニステニステニステニステニステニステニステニステニステニステニステニステニステニステニステニステニステニステニステニステニステニステニステニステニステニステニステニステニステニステニステニステニステニステニステニステニステニステニステニステニステニステニステニステニステニステニステニステニステニステニステニステニステニステニステニステニステニステニステニステニステニステニス,2021-06-10,15:00:00,10,あの場所あの場所あの場所あの場所あの場所あの場所あの場所あの場所あの場所あの場所あの場所あの場所あの場所あの場所あの場所あの場所あの場所あの場所あの場所あの場所あの場所あの場所あの場所あの場所あの場所あの場所あの場所あの場所あの場所あの場所あの場所あの場所あの場所あの場所あの場所あの場所あの場所あの場所あの場所あの場所あの場所あの場所あの場所あの場所あの場所あの場所あの場所あの場所あの場所あの場所あの場所あの場所あの場所あの場所あの場所あの場所あの場所あの場所あの場所あの場所あの場所あの場所あの場所あの場所あの場所あの場所あの場所あの場所あの場所あの場所あの場所あの場所あの場所あの場所あの場所あの場所あの場所あの場所あの場所あの場所あの場所あの場所あの場所あの場所あの場所,4,80
75,テニスダブルスしようぜ02,テニステニステニステニステニステニステニステニステニステニステニステニステニステニステニステニステニステニステニステニステニステニステニステニステニステニステニステニステニステニステニステニステニステニステニステニステニステニステニステニステニステニステニステニステニステニステニステニステニステニステニステニステニステニステニステニステニステニステニステニステニステニステニステニステニステニステニステニステニステニステニステニステニステニステニステニステニステニステニステニステニステニステニステニステニステニステニステニステニステニステニステニステニステニステニステニステニステニステニステニステニステニステニステニステニステニステニステニステニステニステニステニステニステニステニステニステニステニステニステニステニステニステニステニステニステニステニステニステニステニステニステニステニステニステニステニステニステニステニステニステニステニステニステニステニステニステニステニステニステニステニステニステニステニステニステニステニステニステニステニステニステニステニステニステニス,2021-06-11,18:00:00,14,あの場所あの場所あの場所あの場所あの場所あの場所あの場所あの場所あの場所あの場所あの場所あの場所あの場所あの場所あの場所あの場所あの場所あの場所あの場所あの場所あの場所あの場所あの場所あの場所あの場所あの場所あの場所あの場所あの場所あの場所あの場所あの場所あの場所あの場所あの場所あの場所あの場所あの場所あの場所あの場所あの場所あの場所あの場所あの場所あの場所あの場所あの場所あの場所あの場所あの場所あの場所あの場所あの場所あの場所あの場所あの場所あの場所あの場所あの場所あの場所あの場所あの場所あの場所あの場所あの場所あの場所あの場所あの場所あの場所あの場所あの場所あの場所あの場所あの場所あの場所あの場所あの場所あの場所あの場所あの場所あの場所あの場所あの場所あの場所あの場所,4,81
76,テニスダブルスしようぜ03,テニステニステニステニステニステニステニステニステニステニステニステニステニステニステニステニステニステニステニステニステニステニステニステニステニステニステニステニステニステニステニステニステニステニステニステニステニステニステニステニステニステニステニステニステニステニステニステニステニステニステニステニステニステニステニステニステニステニステニステニステニステニステニステニステニステニステニステニステニステニステニステニステニステニステニステニステニステニステニステニステニステニステニステニステニステニステニステニステニステニステニステニステニステニステニステニステニステニステニステニステニステニステニステニステニステニステニステニステニステニステニステニステニステニステニステニステニステニステニステニステニステニステニステニステニステニステニステニステニステニステニステニステニステニステニステニステニステニステニステニステニステニステニステニステニステニステニステニステニステニステニステニステニステニステニステニステニステニステニステニステニステニステニステニステニス,2021-06-12,10:00:00,4,あの場所あの場所あの場所あの場所あの場所あの場所あの場所あの場所あの場所あの場所あの場所あの場所あの場所あの場所あの場所あの場所あの場所あの場所あの場所あの場所あの場所あの場所あの場所あの場所あの場所あの場所あの場所あの場所あの場所あの場所あの場所あの場所あの場所あの場所あの場所あの場所あの場所あの場所あの場所あの場所あの場所あの場所あの場所あの場所あの場所あの場所あの場所あの場所あの場所あの場所あの場所あの場所あの場所あの場所あの場所あの場所あの場所あの場所あの場所あの場所あの場所あの場所あの場所あの場所あの場所あの場所あの場所あの場所あの場所あの場所あの場所あの場所あの場所あの場所あの場所あの場所あの場所あの場所あの場所あの場所あの場所あの場所あの場所あの場所あの場所,4,82
77,テニスダブルスしようぜ04,テニステニステニステニステニステニステニステニステニステニステニステニステニステニステニステニステニステニステニステニステニステニステニステニステニステニステニステニステニステニステニステニステニステニステニステニステニステニステニステニステニステニステニステニステニステニステニステニステニステニステニステニステニステニステニステニステニステニステニステニステニステニステニステニステニステニステニステニステニステニステニステニステニステニステニステニステニステニステニステニステニステニステニステニステニステニステニステニステニステニステニステニステニステニステニステニステニステニステニステニステニステニステニステニステニステニステニステニステニステニステニステニステニステニステニステニステニステニステニステニステニステニステニステニステニステニステニステニステニステニステニステニステニステニステニステニステニステニステニステニステニステニステニステニステニステニステニステニステニステニステニステニステニステニステニステニステニステニステニステニステニステニステニステニステニス,2021-06-13,15:00:00,13,あの場所あの場所あの場所あの場所あの場所あの場所あの場所あの場所あの場所あの場所あの場所あの場所あの場所あの場所あの場所あの場所あの場所あの場所あの場所あの場所あの場所あの場所あの場所あの場所あの場所あの場所あの場所あの場所あの場所あの場所あの場所あの場所あの場所あの場所あの場所あの場所あの場所あの場所あの場所あの場所あの場所あの場所あの場所あの場所あの場所あの場所あの場所あの場所あの場所あの場所あの場所あの場所あの場所あの場所あの場所あの場所あの場所あの場所あの場所あの場所あの場所あの場所あの場所あの場所あの場所あの場所あの場所あの場所あの場所あの場所あの場所あの場所あの場所あの場所あの場所あの場所あの場所あの場所あの場所あの場所あの場所あの場所あの場所あの場所あの場所,4,83
78,テニスダブルスしようぜ05,テニステニステニステニステニステニステニステニステニステニステニステニステニステニステニステニステニステニステニステニステニステニステニステニステニステニステニステニステニステニステニステニステニステニステニステニステニステニステニステニステニステニステニステニステニステニステニステニステニステニステニステニステニステニステニステニステニステニステニステニステニステニステニステニステニステニステニステニステニステニステニステニステニステニステニステニステニステニステニステニステニステニステニステニステニステニステニステニステニステニステニステニステニステニステニステニステニステニステニステニステニステニステニステニステニステニステニステニステニステニステニステニステニステニステニステニステニステニステニステニステニステニステニステニステニステニステニステニステニステニステニステニステニステニステニステニステニステニステニステニステニステニステニステニステニステニステニステニステニステニステニステニステニステニステニステニステニステニステニステニステニステニステニステニステニス,2021-06-14,18:00:00,16,あの場所あの場所あの場所あの場所あの場所あの場所あの場所あの場所あの場所あの場所あの場所あの場所あの場所あの場所あの場所あの場所あの場所あの場所あの場所あの場所あの場所あの場所あの場所あの場所あの場所あの場所あの場所あの場所あの場所あの場所あの場所あの場所あの場所あの場所あの場所あの場所あの場所あの場所あの場所あの場所あの場所あの場所あの場所あの場所あの場所あの場所あの場所あの場所あの場所あの場所あの場所あの場所あの場所あの場所あの場所あの場所あの場所あの場所あの場所あの場所あの場所あの場所あの場所あの場所あの場所あの場所あの場所あの場所あの場所あの場所あの場所あの場所あの場所あの場所あの場所あの場所あの場所あの場所あの場所あの場所あの場所あの場所あの場所あの場所あの場所,4,84
79,テニスダブルスしようぜ06,テニステニステニステニステニステニステニステニステニステニステニステニステニステニステニステニステニステニステニステニステニステニステニステニステニステニステニステニステニステニステニステニステニステニステニステニステニステニステニステニステニステニステニステニステニステニステニステニステニステニステニステニステニステニステニステニステニステニステニステニステニステニステニステニステニステニステニステニステニステニステニステニステニステニステニステニステニステニステニステニステニステニステニステニステニステニステニステニステニステニステニステニステニステニステニステニステニステニステニステニステニステニステニステニステニステニステニステニステニステニステニステニステニステニステニステニステニステニステニステニステニステニステニステニステニステニステニステニステニステニステニステニステニステニステニステニステニステニステニステニステニステニステニステニステニステニステニステニステニステニステニステニステニステニステニステニステニステニステニステニステニステニステニステニステニス,2021-06-15,10:00:00,3,あの場所あの場所あの場所あの場所あの場所あの場所あの場所あの場所あの場所あの場所あの場所あの場所あの場所あの場所あの場所あの場所あの場所あの場所あの場所あの場所あの場所あの場所あの場所あの場所あの場所あの場所あの場所あの場所あの場所あの場所あの場所あの場所あの場所あの場所あの場所あの場所あの場所あの場所あの場所あの場所あの場所あの場所あの場所あの場所あの場所あの場所あの場所あの場所あの場所あの場所あの場所あの場所あの場所あの場所あの場所あの場所あの場所あの場所あの場所あの場所あの場所あの場所あの場所あの場所あの場所あの場所あの場所あの場所あの場所あの場所あの場所あの場所あの場所あの場所あの場所あの場所あの場所あの場所あの場所あの場所あの場所あの場所あの場所あの場所あの場所,4,85
80,テニスダブルスしようぜ07,テニステニステニステニステニステニステニステニステニステニステニステニステニステニステニステニステニステニステニステニステニステニステニステニステニステニステニステニステニステニステニステニステニステニステニステニステニステニステニステニステニステニステニステニステニステニステニステニステニステニステニステニステニステニステニステニステニステニステニステニステニステニステニステニステニステニステニステニステニステニステニステニステニステニステニステニステニステニステニステニステニステニステニステニステニステニステニステニステニステニステニステニステニステニステニステニステニステニステニステニステニステニステニステニステニステニステニステニステニステニステニステニステニステニステニステニステニステニステニステニステニステニステニステニステニステニステニステニステニステニステニステニステニステニステニステニステニステニステニステニステニステニステニステニステニステニステニステニステニステニステニステニステニステニステニステニステニステニステニステニステニステニステニステニステニス,2021-06-16,15:00:00,10,あの場所あの場所あの場所あの場所あの場所あの場所あの場所あの場所あの場所あの場所あの場所あの場所あの場所あの場所あの場所あの場所あの場所あの場所あの場所あの場所あの場所あの場所あの場所あの場所あの場所あの場所あの場所あの場所あの場所あの場所あの場所あの場所あの場所あの場所あの場所あの場所あの場所あの場所あの場所あの場所あの場所あの場所あの場所あの場所あの場所あの場所あの場所あの場所あの場所あの場所あの場所あの場所あの場所あの場所あの場所あの場所あの場所あの場所あの場所あの場所あの場所あの場所あの場所あの場所あの場所あの場所あの場所あの場所あの場所あの場所あの場所あの場所あの場所あの場所あの場所あの場所あの場所あの場所あの場所あの場所あの場所あの場所あの場所あの場所あの場所,4,86
81,テニスダブルスしようぜ08,テニステニステニステニステニステニステニステニステニステニステニステニステニステニステニステニステニステニステニステニステニステニステニステニステニステニステニステニステニステニステニステニステニステニステニステニステニステニステニステニステニステニステニステニステニステニステニステニステニステニステニステニステニステニステニステニステニステニステニステニステニステニステニステニステニステニステニステニステニステニステニステニステニステニステニステニステニステニステニステニステニステニステニステニステニステニステニステニステニステニステニステニステニステニステニステニステニステニステニステニステニステニステニステニステニステニステニステニステニステニステニステニステニステニステニステニステニステニステニステニステニステニステニステニステニステニステニステニステニステニステニステニステニステニステニステニステニステニステニステニステニステニステニステニステニステニステニステニステニステニステニステニステニステニステニステニステニステニステニステニステニステニステニステニステニス,2021-06-17,18:00:00,14,あの場所あの場所あの場所あの場所あの場所あの場所あの場所あの場所あの場所あの場所あの場所あの場所あの場所あの場所あの場所あの場所あの場所あの場所あの場所あの場所あの場所あの場所あの場所あの場所あの場所あの場所あの場所あの場所あの場所あの場所あの場所あの場所あの場所あの場所あの場所あの場所あの場所あの場所あの場所あの場所あの場所あの場所あの場所あの場所あの場所あの場所あの場所あの場所あの場所あの場所あの場所あの場所あの場所あの場所あの場所あの場所あの場所あの場所あの場所あの場所あの場所あの場所あの場所あの場所あの場所あの場所あの場所あの場所あの場所あの場所あの場所あの場所あの場所あの場所あの場所あの場所あの場所あの場所あの場所あの場所あの場所あの場所あの場所あの場所あの場所,4,87
82,テニスダブルスしようぜ09,テニステニステニステニステニステニステニステニステニステニステニステニステニステニステニステニステニステニステニステニステニステニステニステニステニステニステニステニステニステニステニステニステニステニステニステニステニステニステニステニステニステニステニステニステニステニステニステニステニステニステニステニステニステニステニステニステニステニステニステニステニステニステニステニステニステニステニステニステニステニステニステニステニステニステニステニステニステニステニステニステニステニステニステニステニステニステニステニステニステニステニステニステニステニステニステニステニステニステニステニステニステニステニステニステニステニステニステニステニステニステニステニステニステニステニステニステニステニステニステニステニステニステニステニステニステニステニステニステニステニステニステニステニステニステニステニステニステニステニステニステニステニステニステニステニステニステニステニステニステニステニステニステニステニステニステニステニステニステニステニステニステニステニステニステニス,2021-06-18,10:00:00,4,あの場所あの場所あの場所あの場所あの場所あの場所あの場所あの場所あの場所あの場所あの場所あの場所あの場所あの場所あの場所あの場所あの場所あの場所あの場所あの場所あの場所あの場所あの場所あの場所あの場所あの場所あの場所あの場所あの場所あの場所あの場所あの場所あの場所あの場所あの場所あの場所あの場所あの場所あの場所あの場所あの場所あの場所あの場所あの場所あの場所あの場所あの場所あの場所あの場所あの場所あの場所あの場所あの場所あの場所あの場所あの場所あの場所あの場所あの場所あの場所あの場所あの場所あの場所あの場所あの場所あの場所あの場所あの場所あの場所あの場所あの場所あの場所あの場所あの場所あの場所あの場所あの場所あの場所あの場所あの場所あの場所あの場所あの場所あの場所あの場所,4,88
83,テニスダブルスしようぜ10,テニステニステニステニステニステニステニステニステニステニステニステニステニステニステニステニステニステニステニステニステニステニステニステニステニステニステニステニステニステニステニステニステニステニステニステニステニステニステニステニステニステニステニステニステニステニステニステニステニステニステニステニステニステニステニステニステニステニステニステニステニステニステニステニステニステニステニステニステニステニステニステニステニステニステニステニステニステニステニステニステニステニステニステニステニステニステニステニステニステニステニステニステニステニステニステニステニステニステニステニステニステニステニステニステニステニステニステニステニステニステニステニステニステニステニステニステニステニステニステニステニステニステニステニステニステニステニステニステニステニステニステニステニステニステニステニステニステニステニステニステニステニステニステニステニステニステニステニステニステニステニステニステニステニステニステニステニステニステニステニステニステニステニステニステニス,2021-06-19,15:00:00,13,あの場所あの場所あの場所あの場所あの場所あの場所あの場所あの場所あの場所あの場所あの場所あの場所あの場所あの場所あの場所あの場所あの場所あの場所あの場所あの場所あの場所あの場所あの場所あの場所あの場所あの場所あの場所あの場所あの場所あの場所あの場所あの場所あの場所あの場所あの場所あの場所あの場所あの場所あの場所あの場所あの場所あの場所あの場所あの場所あの場所あの場所あの場所あの場所あの場所あの場所あの場所あの場所あの場所あの場所あの場所あの場所あの場所あの場所あの場所あの場所あの場所あの場所あの場所あの場所あの場所あの場所あの場所あの場所あの場所あの場所あの場所あの場所あの場所あの場所あの場所あの場所あの場所あの場所あの場所あの場所あの場所あの場所あの場所あの場所あの場所,4,89
84,卓球ラリーしません？！01,ピンポンピンポンピンポンピンポンピンポンピンポンピンポンピンポンピンポンピンポンピンポンピンポンピンポンピンポンピンポンピンポンピンポンピンポンピンポンピンポンピンポンピンポンピンポンピンポンピンポンピンポンピンポンピンポンピンポンピンポンピンポンピンポンピンポンピンポンピンポンピンポンピンポンピンポンピンポンピンポンピンポンピンポンピンポンピンポンピンポンピンポンピンポンピンポンピンポンピンポンピンポンピンポンピンポンピンポンピンポンピンポンピンポンピンポンピンポンピンポンピンポンピンポンピンポンピンポンピンポンピンポンピンポンピンポンピンポンピンポンピンポンピンポンピンポンピンポンピンポンピンポンピンポンピンポンピンポンピンポンピンポンピンポンピンポンピンポンピンポンピンポンピンポンピンポンピンポンピンポンピンポンピンポンピンポンピンポンピンポンピンポンピンポンピンポンピンポンピンポンピンポンピンポンピンポンピンポンピンポンピンポンピンポンピンポンピンポンピンポンピンポンピンポンピンポンピンポンピンポンピンポンピンポンピンポンピンポンピンポンピンポンピンポンピンポンピンポンピンポンピンポンピンポンピンポンピンポンピンポンピンポンピンポンピンポンピンポンピンポンピンポンピンポンピンポンピンポンピンポンピンポンピンポンピンポンピンポン,2021-06-20,18:00:00,16,あの場所あの場所あの場所あの場所あの場所あの場所あの場所あの場所あの場所あの場所あの場所あの場所あの場所あの場所あの場所あの場所あの場所あの場所あの場所あの場所あの場所あの場所あの場所あの場所あの場所あの場所あの場所あの場所あの場所あの場所あの場所あの場所あの場所あの場所あの場所あの場所あの場所あの場所あの場所あの場所あの場所あの場所あの場所あの場所あの場所あの場所あの場所あの場所あの場所あの場所あの場所あの場所あの場所あの場所あの場所あの場所あの場所あの場所あの場所あの場所あの場所あの場所あの場所あの場所あの場所あの場所あの場所あの場所あの場所あの場所あの場所あの場所あの場所あの場所あの場所あの場所あの場所あの場所あの場所あの場所あの場所あの場所あの場所あの場所あの場所,5,90
85,卓球ラリーしません？！02,ピンポンピンポンピンポンピンポンピンポンピンポンピンポンピンポンピンポンピンポンピンポンピンポンピンポンピンポンピンポンピンポンピンポンピンポンピンポンピンポンピンポンピンポンピンポンピンポンピンポンピンポンピンポンピンポンピンポンピンポンピンポンピンポンピンポンピンポンピンポンピンポンピンポンピンポンピンポンピンポンピンポンピンポンピンポンピンポンピンポンピンポンピンポンピンポンピンポンピンポンピンポンピンポンピンポンピンポンピンポンピンポンピンポンピンポンピンポンピンポンピンポンピンポンピンポンピンポンピンポンピンポンピンポンピンポンピンポンピンポンピンポンピンポンピンポンピンポンピンポンピンポンピンポンピンポンピンポンピンポンピンポンピンポンピンポンピンポンピンポンピンポンピンポンピンポンピンポンピンポンピンポンピンポンピンポンピンポンピンポンピンポンピンポンピンポンピンポンピンポンピンポンピンポンピンポンピンポンピンポンピンポンピンポンピンポンピンポンピンポンピンポンピンポンピンポンピンポンピンポンピンポンピンポンピンポンピンポンピンポンピンポンピンポンピンポンピンポンピンポンピンポンピンポンピンポンピンポンピンポンピンポンピンポンピンポンピンポンピンポンピンポンピンポンピンポンピンポンピンポンピンポンピンポンピンポンピンポン,2021-06-21,10:00:00,3,あの場所あの場所あの場所あの場所あの場所あの場所あの場所あの場所あの場所あの場所あの場所あの場所あの場所あの場所あの場所あの場所あの場所あの場所あの場所あの場所あの場所あの場所あの場所あの場所あの場所あの場所あの場所あの場所あの場所あの場所あの場所あの場所あの場所あの場所あの場所あの場所あの場所あの場所あの場所あの場所あの場所あの場所あの場所あの場所あの場所あの場所あの場所あの場所あの場所あの場所あの場所あの場所あの場所あの場所あの場所あの場所あの場所あの場所あの場所あの場所あの場所あの場所あの場所あの場所あの場所あの場所あの場所あの場所あの場所あの場所あの場所あの場所あの場所あの場所あの場所あの場所あの場所あの場所あの場所あの場所あの場所あの場所あの場所あの場所あの場所,5,91
86,卓球ラリーしません？！03,ピンポンピンポンピンポンピンポンピンポンピンポンピンポンピンポンピンポンピンポンピンポンピンポンピンポンピンポンピンポンピンポンピンポンピンポンピンポンピンポンピンポンピンポンピンポンピンポンピンポンピンポンピンポンピンポンピンポンピンポンピンポンピンポンピンポンピンポンピンポンピンポンピンポンピンポンピンポンピンポンピンポンピンポンピンポンピンポンピンポンピンポンピンポンピンポンピンポンピンポンピンポンピンポンピンポンピンポンピンポンピンポンピンポンピンポンピンポンピンポンピンポンピンポンピンポンピンポンピンポンピンポンピンポンピンポンピンポンピンポンピンポンピンポンピンポンピンポンピンポンピンポンピンポンピンポンピンポンピンポンピンポンピンポンピンポンピンポンピンポンピンポンピンポンピンポンピンポンピンポンピンポンピンポンピンポンピンポンピンポンピンポンピンポンピンポンピンポンピンポンピンポンピンポンピンポンピンポンピンポンピンポンピンポンピンポンピンポンピンポンピンポンピンポンピンポンピンポンピンポンピンポンピンポンピンポンピンポンピンポンピンポンピンポンピンポンピンポンピンポンピンポンピンポンピンポンピンポンピンポンピンポンピンポンピンポンピンポンピンポンピンポンピンポンピンポンピンポンピンポンピンポンピンポンピンポンピンポン,2021-06-22,15:00:00,10,あの場所あの場所あの場所あの場所あの場所あの場所あの場所あの場所あの場所あの場所あの場所あの場所あの場所あの場所あの場所あの場所あの場所あの場所あの場所あの場所あの場所あの場所あの場所あの場所あの場所あの場所あの場所あの場所あの場所あの場所あの場所あの場所あの場所あの場所あの場所あの場所あの場所あの場所あの場所あの場所あの場所あの場所あの場所あの場所あの場所あの場所あの場所あの場所あの場所あの場所あの場所あの場所あの場所あの場所あの場所あの場所あの場所あの場所あの場所あの場所あの場所あの場所あの場所あの場所あの場所あの場所あの場所あの場所あの場所あの場所あの場所あの場所あの場所あの場所あの場所あの場所あの場所あの場所あの場所あの場所あの場所あの場所あの場所あの場所あの場所,5,92
87,卓球ラリーしません？！04,ピンポンピンポンピンポンピンポンピンポンピンポンピンポンピンポンピンポンピンポンピンポンピンポンピンポンピンポンピンポンピンポンピンポンピンポンピンポンピンポンピンポンピンポンピンポンピンポンピンポンピンポンピンポンピンポンピンポンピンポンピンポンピンポンピンポンピンポンピンポンピンポンピンポンピンポンピンポンピンポンピンポンピンポンピンポンピンポンピンポンピンポンピンポンピンポンピンポンピンポンピンポンピンポンピンポンピンポンピンポンピンポンピンポンピンポンピンポンピンポンピンポンピンポンピンポンピンポンピンポンピンポンピンポンピンポンピンポンピンポンピンポンピンポンピンポンピンポンピンポンピンポンピンポンピンポンピンポンピンポンピンポンピンポンピンポンピンポンピンポンピンポンピンポンピンポンピンポンピンポンピンポンピンポンピンポンピンポンピンポンピンポンピンポンピンポンピンポンピンポンピンポンピンポンピンポンピンポンピンポンピンポンピンポンピンポンピンポンピンポンピンポンピンポンピンポンピンポンピンポンピンポンピンポンピンポンピンポンピンポンピンポンピンポンピンポンピンポンピンポンピンポンピンポンピンポンピンポンピンポンピンポンピンポンピンポンピンポンピンポンピンポンピンポンピンポンピンポンピンポンピンポンピンポンピンポンピンポン,2021-06-23,18:00:00,14,あの場所あの場所あの場所あの場所あの場所あの場所あの場所あの場所あの場所あの場所あの場所あの場所あの場所あの場所あの場所あの場所あの場所あの場所あの場所あの場所あの場所あの場所あの場所あの場所あの場所あの場所あの場所あの場所あの場所あの場所あの場所あの場所あの場所あの場所あの場所あの場所あの場所あの場所あの場所あの場所あの場所あの場所あの場所あの場所あの場所あの場所あの場所あの場所あの場所あの場所あの場所あの場所あの場所あの場所あの場所あの場所あの場所あの場所あの場所あの場所あの場所あの場所あの場所あの場所あの場所あの場所あの場所あの場所あの場所あの場所あの場所あの場所あの場所あの場所あの場所あの場所あの場所あの場所あの場所あの場所あの場所あの場所あの場所あの場所あの場所,5,93
88,卓球ラリーしません？！05,ピンポンピンポンピンポンピンポンピンポンピンポンピンポンピンポンピンポンピンポンピンポンピンポンピンポンピンポンピンポンピンポンピンポンピンポンピンポンピンポンピンポンピンポンピンポンピンポンピンポンピンポンピンポンピンポンピンポンピンポンピンポンピンポンピンポンピンポンピンポンピンポンピンポンピンポンピンポンピンポンピンポンピンポンピンポンピンポンピンポンピンポンピンポンピンポンピンポンピンポンピンポンピンポンピンポンピンポンピンポンピンポンピンポンピンポンピンポンピンポンピンポンピンポンピンポンピンポンピンポンピンポンピンポンピンポンピンポンピンポンピンポンピンポンピンポンピンポンピンポンピンポンピンポンピンポンピンポンピンポンピンポンピンポンピンポンピンポンピンポンピンポンピンポンピンポンピンポンピンポンピンポンピンポンピンポンピンポンピンポンピンポンピンポンピンポンピンポンピンポンピンポンピンポンピンポンピンポンピンポンピンポンピンポンピンポンピンポンピンポンピンポンピンポンピンポンピンポンピンポンピンポンピンポンピンポンピンポンピンポンピンポンピンポンピンポンピンポンピンポンピンポンピンポンピンポンピンポンピンポンピンポンピンポンピンポンピンポンピンポンピンポンピンポンピンポンピンポンピンポンピンポンピンポンピンポンピンポン,2021-06-24,10:00:00,4,あの場所あの場所あの場所あの場所あの場所あの場所あの場所あの場所あの場所あの場所あの場所あの場所あの場所あの場所あの場所あの場所あの場所あの場所あの場所あの場所あの場所あの場所あの場所あの場所あの場所あの場所あの場所あの場所あの場所あの場所あの場所あの場所あの場所あの場所あの場所あの場所あの場所あの場所あの場所あの場所あの場所あの場所あの場所あの場所あの場所あの場所あの場所あの場所あの場所あの場所あの場所あの場所あの場所あの場所あの場所あの場所あの場所あの場所あの場所あの場所あの場所あの場所あの場所あの場所あの場所あの場所あの場所あの場所あの場所あの場所あの場所あの場所あの場所あの場所あの場所あの場所あの場所あの場所あの場所あの場所あの場所あの場所あの場所あの場所あの場所,5,94
89,卓球ラリーしません？！06,ピンポンピンポンピンポンピンポンピンポンピンポンピンポンピンポンピンポンピンポンピンポンピンポンピンポンピンポンピンポンピンポンピンポンピンポンピンポンピンポンピンポンピンポンピンポンピンポンピンポンピンポンピンポンピンポンピンポンピンポンピンポンピンポンピンポンピンポンピンポンピンポンピンポンピンポンピンポンピンポンピンポンピンポンピンポンピンポンピンポンピンポンピンポンピンポンピンポンピンポンピンポンピンポンピンポンピンポンピンポンピンポンピンポンピンポンピンポンピンポンピンポンピンポンピンポンピンポンピンポンピンポンピンポンピンポンピンポンピンポンピンポンピンポンピンポンピンポンピンポンピンポンピンポンピンポンピンポンピンポンピンポンピンポンピンポンピンポンピンポンピンポンピンポンピンポンピンポンピンポンピンポンピンポンピンポンピンポンピンポンピンポンピンポンピンポンピンポンピンポンピンポンピンポンピンポンピンポンピンポンピンポンピンポンピンポンピンポンピンポンピンポンピンポンピンポンピンポンピンポンピンポンピンポンピンポンピンポンピンポンピンポンピンポンピンポンピンポンピンポンピンポンピンポンピンポンピンポンピンポンピンポンピンポンピンポンピンポンピンポンピンポンピンポンピンポンピンポンピンポンピンポンピンポンピンポンピンポン,2021-06-25,15:00:00,13,あの場所あの場所あの場所あの場所あの場所あの場所あの場所あの場所あの場所あの場所あの場所あの場所あの場所あの場所あの場所あの場所あの場所あの場所あの場所あの場所あの場所あの場所あの場所あの場所あの場所あの場所あの場所あの場所あの場所あの場所あの場所あの場所あの場所あの場所あの場所あの場所あの場所あの場所あの場所あの場所あの場所あの場所あの場所あの場所あの場所あの場所あの場所あの場所あの場所あの場所あの場所あの場所あの場所あの場所あの場所あの場所あの場所あの場所あの場所あの場所あの場所あの場所あの場所あの場所あの場所あの場所あの場所あの場所あの場所あの場所あの場所あの場所あの場所あの場所あの場所あの場所あの場所あの場所あの場所あの場所あの場所あの場所あの場所あの場所あの場所,5,95
90,卓球ラリーしません？！07,ピンポンピンポンピンポンピンポンピンポンピンポンピンポンピンポンピンポンピンポンピンポンピンポンピンポンピンポンピンポンピンポンピンポンピンポンピンポンピンポンピンポンピンポンピンポンピンポンピンポンピンポンピンポンピンポンピンポンピンポンピンポンピンポンピンポンピンポンピンポンピンポンピンポンピンポンピンポンピンポンピンポンピンポンピンポンピンポンピンポンピンポンピンポンピンポンピンポンピンポンピンポンピンポンピンポンピンポンピンポンピンポンピンポンピンポンピンポンピンポンピンポンピンポンピンポンピンポンピンポンピンポンピンポンピンポンピンポンピンポンピンポンピンポンピンポンピンポンピンポンピンポンピンポンピンポンピンポンピンポンピンポンピンポンピンポンピンポンピンポンピンポンピンポンピンポンピンポンピンポンピンポンピンポンピンポンピンポンピンポンピンポンピンポンピンポンピンポンピンポンピンポンピンポンピンポンピンポンピンポンピンポンピンポンピンポンピンポンピンポンピンポンピンポンピンポンピンポンピンポンピンポンピンポンピンポンピンポンピンポンピンポンピンポンピンポンピンポンピンポンピンポンピンポンピンポンピンポンピンポンピンポンピンポンピンポンピンポンピンポンピンポンピンポンピンポンピンポンピンポンピンポンピンポンピンポンピンポン,2021-06-26,18:00:00,16,あの場所あの場所あの場所あの場所あの場所あの場所あの場所あの場所あの場所あの場所あの場所あの場所あの場所あの場所あの場所あの場所あの場所あの場所あの場所あの場所あの場所あの場所あの場所あの場所あの場所あの場所あの場所あの場所あの場所あの場所あの場所あの場所あの場所あの場所あの場所あの場所あの場所あの場所あの場所あの場所あの場所あの場所あの場所あの場所あの場所あの場所あの場所あの場所あの場所あの場所あの場所あの場所あの場所あの場所あの場所あの場所あの場所あの場所あの場所あの場所あの場所あの場所あの場所あの場所あの場所あの場所あの場所あの場所あの場所あの場所あの場所あの場所あの場所あの場所あの場所あの場所あの場所あの場所あの場所あの場所あの場所あの場所あの場所あの場所あの場所,5,96
91,卓球ラリーしません？！08,ピンポンピンポンピンポンピンポンピンポンピンポンピンポンピンポンピンポンピンポンピンポンピンポンピンポンピンポンピンポンピンポンピンポンピンポンピンポンピンポンピンポンピンポンピンポンピンポンピンポンピンポンピンポンピンポンピンポンピンポンピンポンピンポンピンポンピンポンピンポンピンポンピンポンピンポンピンポンピンポンピンポンピンポンピンポンピンポンピンポンピンポンピンポンピンポンピンポンピンポンピンポンピンポンピンポンピンポンピンポンピンポンピンポンピンポンピンポンピンポンピンポンピンポンピンポンピンポンピンポンピンポンピンポンピンポンピンポンピンポンピンポンピンポンピンポンピンポンピンポンピンポンピンポンピンポンピンポンピンポンピンポンピンポンピンポンピンポンピンポンピンポンピンポンピンポンピンポンピンポンピンポンピンポンピンポンピンポンピンポンピンポンピンポンピンポンピンポンピンポンピンポンピンポンピンポンピンポンピンポンピンポンピンポンピンポンピンポンピンポンピンポンピンポンピンポンピンポンピンポンピンポンピンポンピンポンピンポンピンポンピンポンピンポンピンポンピンポンピンポンピンポンピンポンピンポンピンポンピンポンピンポンピンポンピンポンピンポンピンポンピンポンピンポンピンポンピンポンピンポンピンポンピンポンピンポンピンポン,2021-06-27,10:00:00,3,あの場所あの場所あの場所あの場所あの場所あの場所あの場所あの場所あの場所あの場所あの場所あの場所あの場所あの場所あの場所あの場所あの場所あの場所あの場所あの場所あの場所あの場所あの場所あの場所あの場所あの場所あの場所あの場所あの場所あの場所あの場所あの場所あの場所あの場所あの場所あの場所あの場所あの場所あの場所あの場所あの場所あの場所あの場所あの場所あの場所あの場所あの場所あの場所あの場所あの場所あの場所あの場所あの場所あの場所あの場所あの場所あの場所あの場所あの場所あの場所あの場所あの場所あの場所あの場所あの場所あの場所あの場所あの場所あの場所あの場所あの場所あの場所あの場所あの場所あの場所あの場所あの場所あの場所あの場所あの場所あの場所あの場所あの場所あの場所あの場所,5,97
92,卓球ラリーしません？！09,ピンポンピンポンピンポンピンポンピンポンピンポンピンポンピンポンピンポンピンポンピンポンピンポンピンポンピンポンピンポンピンポンピンポンピンポンピンポンピンポンピンポンピンポンピンポンピンポンピンポンピンポンピンポンピンポンピンポンピンポンピンポンピンポンピンポンピンポンピンポンピンポンピンポンピンポンピンポンピンポンピンポンピンポンピンポンピンポンピンポンピンポンピンポンピンポンピンポンピンポンピンポンピンポンピンポンピンポンピンポンピンポンピンポンピンポンピンポンピンポンピンポンピンポンピンポンピンポンピンポンピンポンピンポンピンポンピンポンピンポンピンポンピンポンピンポンピンポンピンポンピンポンピンポンピンポンピンポンピンポンピンポンピンポンピンポンピンポンピンポンピンポンピンポンピンポンピンポンピンポンピンポンピンポンピンポンピンポンピンポンピンポンピンポンピンポンピンポンピンポンピンポンピンポンピンポンピンポンピンポンピンポンピンポンピンポンピンポンピンポンピンポンピンポンピンポンピンポンピンポンピンポンピンポンピンポンピンポンピンポンピンポンピンポンピンポンピンポンピンポンピンポンピンポンピンポンピンポンピンポンピンポンピンポンピンポンピンポンピンポンピンポンピンポンピンポンピンポンピンポンピンポンピンポンピンポンピンポン,2021-06-28,15:00:00,10,あの場所あの場所あの場所あの場所あの場所あの場所あの場所あの場所あの場所あの場所あの場所あの場所あの場所あの場所あの場所あの場所あの場所あの場所あの場所あの場所あの場所あの場所あの場所あの場所あの場所あの場所あの場所あの場所あの場所あの場所あの場所あの場所あの場所あの場所あの場所あの場所あの場所あの場所あの場所あの場所あの場所あの場所あの場所あの場所あの場所あの場所あの場所あの場所あの場所あの場所あの場所あの場所あの場所あの場所あの場所あの場所あの場所あの場所あの場所あの場所あの場所あの場所あの場所あの場所あの場所あの場所あの場所あの場所あの場所あの場所あの場所あの場所あの場所あの場所あの場所あの場所あの場所あの場所あの場所あの場所あの場所あの場所あの場所あの場所あの場所,5,98
93,卓球ラリーしません？！10,ピンポンピンポンピンポンピンポンピンポンピンポンピンポンピンポンピンポンピンポンピンポンピンポンピンポンピンポンピンポンピンポンピンポンピンポンピンポンピンポンピンポンピンポンピンポンピンポンピンポンピンポンピンポンピンポンピンポンピンポンピンポンピンポンピンポンピンポンピンポンピンポンピンポンピンポンピンポンピンポンピンポンピンポンピンポンピンポンピンポンピンポンピンポンピンポンピンポンピンポンピンポンピンポンピンポンピンポンピンポンピンポンピンポンピンポンピンポンピンポンピンポンピンポンピンポンピンポンピンポンピンポンピンポンピンポンピンポンピンポンピンポンピンポンピンポンピンポンピンポンピンポンピンポンピンポンピンポンピンポンピンポンピンポンピンポンピンポンピンポンピンポンピンポンピンポンピンポンピンポンピンポンピンポンピンポンピンポンピンポンピンポンピンポンピンポンピンポンピンポンピンポンピンポンピンポンピンポンピンポンピンポンピンポンピンポンピンポンピンポンピンポンピンポンピンポンピンポンピンポンピンポンピンポンピンポンピンポンピンポンピンポンピンポンピンポンピンポンピンポンピンポンピンポンピンポンピンポンピンポンピンポンピンポンピンポンピンポンピンポンピンポンピンポンピンポンピンポンピンポンピンポンピンポンピンポンピンポン,2021-06-29,18:00:00,14,あの場所あの場所あの場所あの場所あの場所あの場所あの場所あの場所あの場所あの場所あの場所あの場所あの場所あの場所あの場所あの場所あの場所あの場所あの場所あの場所あの場所あの場所あの場所あの場所あの場所あの場所あの場所あの場所あの場所あの場所あの場所あの場所あの場所あの場所あの場所あの場所あの場所あの場所あの場所あの場所あの場所あの場所あの場所あの場所あの場所あの場所あの場所あの場所あの場所あの場所あの場所あの場所あの場所あの場所あの場所あの場所あの場所あの場所あの場所あの場所あの場所あの場所あの場所あの場所あの場所あの場所あの場所あの場所あの場所あの場所あの場所あの場所あの場所あの場所あの場所あの場所あの場所あの場所あの場所あの場所あの場所あの場所あの場所あの場所あの場所,5,99
94,ビリヤード 9ボール01,ビリヤードビリヤードビリヤードビリヤードビリヤードビリヤードビリヤードビリヤードビリヤードビリヤードビリヤードビリヤードビリヤードビリヤードビリヤードビリヤードビリヤードビリヤードビリヤードビリヤードビリヤードビリヤードビリヤードビリヤードビリヤードビリヤードビリヤードビリヤードビリヤードビリヤードビリヤードビリヤードビリヤードビリヤードビリヤードビリヤードビリヤードビリヤードビリヤードビリヤードビリヤードビリヤードビリヤードビリヤードビリヤードビリヤードビリヤードビリヤードビリヤードビリヤードビリヤードビリヤードビリヤードビリヤードビリヤードビリヤードビリヤードビリヤードビリヤードビリヤードビリヤードビリヤードビリヤードビリヤードビリヤードビリヤードビリヤードビリヤードビリヤードビリヤードビリヤードビリヤードビリヤードビリヤードビリヤードビリヤードビリヤードビリヤードビリヤードビリヤードビリヤードビリヤードビリヤードビリヤードビリヤードビリヤードビリヤードビリヤードビリヤードビリヤードビリヤードビリヤードビリヤードビリヤードビリヤードビリヤードビリヤードビリヤードビリヤードビリヤードビリヤードビリヤードビリヤードビリヤードビリヤードビリヤードビリヤードビリヤードビリヤードビリヤードビリヤードビリヤードビリヤードビリヤードビリヤードビリヤードビリヤードビリヤードビリヤードビリヤードビリヤードビリヤードビリヤードビリヤードビリヤードビリヤード,2021-06-30,20:00:00,4,あの場所あの場所あの場所あの場所あの場所あの場所あの場所あの場所あの場所あの場所あの場所あの場所あの場所あの場所あの場所あの場所あの場所あの場所あの場所あの場所あの場所あの場所あの場所あの場所あの場所あの場所あの場所あの場所あの場所あの場所あの場所あの場所あの場所あの場所あの場所あの場所あの場所あの場所あの場所あの場所あの場所あの場所あの場所あの場所あの場所あの場所あの場所あの場所あの場所あの場所あの場所あの場所あの場所あの場所あの場所あの場所あの場所あの場所あの場所あの場所あの場所あの場所あの場所あの場所あの場所あの場所あの場所あの場所あの場所あの場所あの場所あの場所あの場所あの場所あの場所あの場所あの場所あの場所あの場所あの場所あの場所あの場所あの場所あの場所あの場所,6,100
95,ビリヤード 9ボール02,ビリヤードビリヤードビリヤードビリヤードビリヤードビリヤードビリヤードビリヤードビリヤードビリヤードビリヤードビリヤードビリヤードビリヤードビリヤードビリヤードビリヤードビリヤードビリヤードビリヤードビリヤードビリヤードビリヤードビリヤードビリヤードビリヤードビリヤードビリヤードビリヤードビリヤードビリヤードビリヤードビリヤードビリヤードビリヤードビリヤードビリヤードビリヤードビリヤードビリヤードビリヤードビリヤードビリヤードビリヤードビリヤードビリヤードビリヤードビリヤードビリヤードビリヤードビリヤードビリヤードビリヤードビリヤードビリヤードビリヤードビリヤードビリヤードビリヤードビリヤードビリヤードビリヤードビリヤードビリヤードビリヤードビリヤードビリヤードビリヤードビリヤードビリヤードビリヤードビリヤードビリヤードビリヤードビリヤードビリヤードビリヤードビリヤードビリヤードビリヤードビリヤードビリヤードビリヤードビリヤードビリヤードビリヤードビリヤードビリヤードビリヤードビリヤードビリヤードビリヤードビリヤードビリヤードビリヤードビリヤードビリヤードビリヤードビリヤードビリヤードビリヤードビリヤードビリヤードビリヤードビリヤードビリヤードビリヤードビリヤードビリヤードビリヤードビリヤードビリヤードビリヤードビリヤードビリヤードビリヤードビリヤードビリヤードビリヤードビリヤードビリヤードビリヤードビリヤードビリヤードビリヤードビリヤード,2021-07-01,21:00:00,13,あの場所あの場所あの場所あの場所あの場所あの場所あの場所あの場所あの場所あの場所あの場所あの場所あの場所あの場所あの場所あの場所あの場所あの場所あの場所あの場所あの場所あの場所あの場所あの場所あの場所あの場所あの場所あの場所あの場所あの場所あの場所あの場所あの場所あの場所あの場所あの場所あの場所あの場所あの場所あの場所あの場所あの場所あの場所あの場所あの場所あの場所あの場所あの場所あの場所あの場所あの場所あの場所あの場所あの場所あの場所あの場所あの場所あの場所あの場所あの場所あの場所あの場所あの場所あの場所あの場所あの場所あの場所あの場所あの場所あの場所あの場所あの場所あの場所あの場所あの場所あの場所あの場所あの場所あの場所あの場所あの場所あの場所あの場所あの場所あの場所,6,101
96,ビリヤード 9ボール03,ビリヤードビリヤードビリヤードビリヤードビリヤードビリヤードビリヤードビリヤードビリヤードビリヤードビリヤードビリヤードビリヤードビリヤードビリヤードビリヤードビリヤードビリヤードビリヤードビリヤードビリヤードビリヤードビリヤードビリヤードビリヤードビリヤードビリヤードビリヤードビリヤードビリヤードビリヤードビリヤードビリヤードビリヤードビリヤードビリヤードビリヤードビリヤードビリヤードビリヤードビリヤードビリヤードビリヤードビリヤードビリヤードビリヤードビリヤードビリヤードビリヤードビリヤードビリヤードビリヤードビリヤードビリヤードビリヤードビリヤードビリヤードビリヤードビリヤードビリヤードビリヤードビリヤードビリヤードビリヤードビリヤードビリヤードビリヤードビリヤードビリヤードビリヤードビリヤードビリヤードビリヤードビリヤードビリヤードビリヤードビリヤードビリヤードビリヤードビリヤードビリヤードビリヤードビリヤードビリヤードビリヤードビリヤードビリヤードビリヤードビリヤードビリヤードビリヤードビリヤードビリヤードビリヤードビリヤードビリヤードビリヤードビリヤードビリヤードビリヤードビリヤードビリヤードビリヤードビリヤードビリヤードビリヤードビリヤードビリヤードビリヤードビリヤードビリヤードビリヤードビリヤードビリヤードビリヤードビリヤードビリヤードビリヤードビリヤードビリヤードビリヤードビリヤードビリヤードビリヤードビリヤードビリヤード,2021-07-02,22:00:00,16,あの場所あの場所あの場所あの場所あの場所あの場所あの場所あの場所あの場所あの場所あの場所あの場所あの場所あの場所あの場所あの場所あの場所あの場所あの場所あの場所あの場所あの場所あの場所あの場所あの場所あの場所あの場所あの場所あの場所あの場所あの場所あの場所あの場所あの場所あの場所あの場所あの場所あの場所あの場所あの場所あの場所あの場所あの場所あの場所あの場所あの場所あの場所あの場所あの場所あの場所あの場所あの場所あの場所あの場所あの場所あの場所あの場所あの場所あの場所あの場所あの場所あの場所あの場所あの場所あの場所あの場所あの場所あの場所あの場所あの場所あの場所あの場所あの場所あの場所あの場所あの場所あの場所あの場所あの場所あの場所あの場所あの場所あの場所あの場所あの場所,6,102
97,ビリヤード 9ボール04,ビリヤードビリヤードビリヤードビリヤードビリヤードビリヤードビリヤードビリヤードビリヤードビリヤードビリヤードビリヤードビリヤードビリヤードビリヤードビリヤードビリヤードビリヤードビリヤードビリヤードビリヤードビリヤードビリヤードビリヤードビリヤードビリヤードビリヤードビリヤードビリヤードビリヤードビリヤードビリヤードビリヤードビリヤードビリヤードビリヤードビリヤードビリヤードビリヤードビリヤードビリヤードビリヤードビリヤードビリヤードビリヤードビリヤードビリヤードビリヤードビリヤードビリヤードビリヤードビリヤードビリヤードビリヤードビリヤードビリヤードビリヤードビリヤードビリヤードビリヤードビリヤードビリヤードビリヤードビリヤードビリヤードビリヤードビリヤードビリヤードビリヤードビリヤードビリヤードビリヤードビリヤードビリヤードビリヤードビリヤードビリヤードビリヤードビリヤードビリヤードビリヤードビリヤードビリヤードビリヤードビリヤードビリヤードビリヤードビリヤードビリヤードビリヤードビリヤードビリヤードビリヤードビリヤードビリヤードビリヤードビリヤードビリヤードビリヤードビリヤードビリヤードビリヤードビリヤードビリヤードビリヤードビリヤードビリヤードビリヤードビリヤードビリヤードビリヤードビリヤードビリヤードビリヤードビリヤードビリヤードビリヤードビリヤードビリヤードビリヤードビリヤードビリヤードビリヤードビリヤードビリヤードビリヤード,2021-07-03,23:00:00,3,あの場所あの場所あの場所あの場所あの場所あの場所あの場所あの場所あの場所あの場所あの場所あの場所あの場所あの場所あの場所あの場所あの場所あの場所あの場所あの場所あの場所あの場所あの場所あの場所あの場所あの場所あの場所あの場所あの場所あの場所あの場所あの場所あの場所あの場所あの場所あの場所あの場所あの場所あの場所あの場所あの場所あの場所あの場所あの場所あの場所あの場所あの場所あの場所あの場所あの場所あの場所あの場所あの場所あの場所あの場所あの場所あの場所あの場所あの場所あの場所あの場所あの場所あの場所あの場所あの場所あの場所あの場所あの場所あの場所あの場所あの場所あの場所あの場所あの場所あの場所あの場所あの場所あの場所あの場所あの場所あの場所あの場所あの場所あの場所あの場所,6,103
98,ビリヤード 9ボール05,ビリヤードビリヤードビリヤードビリヤードビリヤードビリヤードビリヤードビリヤードビリヤードビリヤードビリヤードビリヤードビリヤードビリヤードビリヤードビリヤードビリヤードビリヤードビリヤードビリヤードビリヤードビリヤードビリヤードビリヤードビリヤードビリヤードビリヤードビリヤードビリヤードビリヤードビリヤードビリヤードビリヤードビリヤードビリヤードビリヤードビリヤードビリヤードビリヤードビリヤードビリヤードビリヤードビリヤードビリヤードビリヤードビリヤードビリヤードビリヤードビリヤードビリヤードビリヤードビリヤードビリヤードビリヤードビリヤードビリヤードビリヤードビリヤードビリヤードビリヤードビリヤードビリヤードビリヤードビリヤードビリヤードビリヤードビリヤードビリヤードビリヤードビリヤードビリヤードビリヤードビリヤードビリヤードビリヤードビリヤードビリヤードビリヤードビリヤードビリヤードビリヤードビリヤードビリヤードビリヤードビリヤードビリヤードビリヤードビリヤードビリヤードビリヤードビリヤードビリヤードビリヤードビリヤードビリヤードビリヤードビリヤードビリヤードビリヤードビリヤードビリヤードビリヤードビリヤードビリヤードビリヤードビリヤードビリヤードビリヤードビリヤードビリヤードビリヤードビリヤードビリヤードビリヤードビリヤードビリヤードビリヤードビリヤードビリヤードビリヤードビリヤードビリヤードビリヤードビリヤードビリヤードビリヤード,2021-07-04,23:30:00,10,あの場所あの場所あの場所あの場所あの場所あの場所あの場所あの場所あの場所あの場所あの場所あの場所あの場所あの場所あの場所あの場所あの場所あの場所あの場所あの場所あの場所あの場所あの場所あの場所あの場所あの場所あの場所あの場所あの場所あの場所あの場所あの場所あの場所あの場所あの場所あの場所あの場所あの場所あの場所あの場所あの場所あの場所あの場所あの場所あの場所あの場所あの場所あの場所あの場所あの場所あの場所あの場所あの場所あの場所あの場所あの場所あの場所あの場所あの場所あの場所あの場所あの場所あの場所あの場所あの場所あの場所あの場所あの場所あの場所あの場所あの場所あの場所あの場所あの場所あの場所あの場所あの場所あの場所あの場所あの場所あの場所あの場所あの場所あの場所あの場所,6,104
99,みんなでゴルフ01,ゴルフゴルフゴルフゴルフゴルフゴルフゴルフゴルフゴルフゴルフゴルフゴルフゴルフゴルフゴルフゴルフゴルフゴルフゴルフゴルフゴルフゴルフゴルフゴルフゴルフゴルフゴルフゴルフゴルフゴルフゴルフゴルフゴルフゴルフゴルフゴルフゴルフゴルフゴルフゴルフゴルフゴルフゴルフゴルフゴルフゴルフゴルフゴルフゴルフゴルフゴルフゴルフゴルフゴルフゴルフゴルフゴルフゴルフゴルフゴルフゴルフゴルフゴルフゴルフゴルフゴルフゴルフゴルフゴルフゴルフゴルフゴルフゴルフゴルフゴルフゴルフゴルフゴルフゴルフゴルフゴルフゴルフゴルフゴルフゴルフゴルフゴルフゴルフゴルフゴルフゴルフゴルフゴルフゴルフゴルフゴルフゴルフゴルフゴルフゴルフゴルフゴルフゴルフゴルフゴルフゴルフゴルフゴルフゴルフゴルフゴルフゴルフゴルフゴルフゴルフゴルフゴルフゴルフゴルフゴルフゴルフゴルフゴルフゴルフゴルフゴルフゴルフゴルフゴルフゴルフゴルフゴルフゴルフゴルフゴルフゴルフゴルフゴルフゴルフゴルフゴルフゴルフゴルフゴルフゴルフゴルフゴルフゴルフゴルフゴルフゴルフ,2021-07-05,7:00:00,14,あの場所あの場所あの場所あの場所あの場所あの場所あの場所あの場所あの場所あの場所あの場所あの場所あの場所あの場所あの場所あの場所あの場所あの場所あの場所あの場所あの場所あの場所あの場所あの場所あの場所あの場所あの場所あの場所あの場所あの場所あの場所あの場所あの場所あの場所あの場所あの場所あの場所あの場所あの場所あの場所あの場所あの場所あの場所あの場所あの場所あの場所あの場所あの場所あの場所あの場所あの場所あの場所あの場所あの場所あの場所あの場所あの場所あの場所あの場所あの場所あの場所あの場所あの場所あの場所あの場所あの場所あの場所あの場所あの場所あの場所あの場所あの場所あの場所あの場所あの場所あの場所あの場所あの場所あの場所あの場所あの場所あの場所あの場所あの場所あの場所,7,105
100,みんなでゴルフ02,ゴルフゴルフゴルフゴルフゴルフゴルフゴルフゴルフゴルフゴルフゴルフゴルフゴルフゴルフゴルフゴルフゴルフゴルフゴルフゴルフゴルフゴルフゴルフゴルフゴルフゴルフゴルフゴルフゴルフゴルフゴルフゴルフゴルフゴルフゴルフゴルフゴルフゴルフゴルフゴルフゴルフゴルフゴルフゴルフゴルフゴルフゴルフゴルフゴルフゴルフゴルフゴルフゴルフゴルフゴルフゴルフゴルフゴルフゴルフゴルフゴルフゴルフゴルフゴルフゴルフゴルフゴルフゴルフゴルフゴルフゴルフゴルフゴルフゴルフゴルフゴルフゴルフゴルフゴルフゴルフゴルフゴルフゴルフゴルフゴルフゴルフゴルフゴルフゴルフゴルフゴルフゴルフゴルフゴルフゴルフゴルフゴルフゴルフゴルフゴルフゴルフゴルフゴルフゴルフゴルフゴルフゴルフゴルフゴルフゴルフゴルフゴルフゴルフゴルフゴルフゴルフゴルフゴルフゴルフゴルフゴルフゴルフゴルフゴルフゴルフゴルフゴルフゴルフゴルフゴルフゴルフゴルフゴルフゴルフゴルフゴルフゴルフゴルフゴルフゴルフゴルフゴルフゴルフゴルフゴルフゴルフゴルフゴルフゴルフゴルフゴルフ,2021-07-06,8:00:00,4,あの場所あの場所あの場所あの場所あの場所あの場所あの場所あの場所あの場所あの場所あの場所あの場所あの場所あの場所あの場所あの場所あの場所あの場所あの場所あの場所あの場所あの場所あの場所あの場所あの場所あの場所あの場所あの場所あの場所あの場所あの場所あの場所あの場所あの場所あの場所あの場所あの場所あの場所あの場所あの場所あの場所あの場所あの場所あの場所あの場所あの場所あの場所あの場所あの場所あの場所あの場所あの場所あの場所あの場所あの場所あの場所あの場所あの場所あの場所あの場所あの場所あの場所あの場所あの場所あの場所あの場所あの場所あの場所あの場所あの場所あの場所あの場所あの場所あの場所あの場所あの場所あの場所あの場所あの場所あの場所あの場所あの場所あの場所あの場所あの場所,7,106
101,みんなでゴルフ03,ゴルフゴルフゴルフゴルフゴルフゴルフゴルフゴルフゴルフゴルフゴルフゴルフゴルフゴルフゴルフゴルフゴルフゴルフゴルフゴルフゴルフゴルフゴルフゴルフゴルフゴルフゴルフゴルフゴルフゴルフゴルフゴルフゴルフゴルフゴルフゴルフゴルフゴルフゴルフゴルフゴルフゴルフゴルフゴルフゴルフゴルフゴルフゴルフゴルフゴルフゴルフゴルフゴルフゴルフゴルフゴルフゴルフゴルフゴルフゴルフゴルフゴルフゴルフゴルフゴルフゴルフゴルフゴルフゴルフゴルフゴルフゴルフゴルフゴルフゴルフゴルフゴルフゴルフゴルフゴルフゴルフゴルフゴルフゴルフゴルフゴルフゴルフゴルフゴルフゴルフゴルフゴルフゴルフゴルフゴルフゴルフゴルフゴルフゴルフゴルフゴルフゴルフゴルフゴルフゴルフゴルフゴルフゴルフゴルフゴルフゴルフゴルフゴルフゴルフゴルフゴルフゴルフゴルフゴルフゴルフゴルフゴルフゴルフゴルフゴルフゴルフゴルフゴルフゴルフゴルフゴルフゴルフゴルフゴルフゴルフゴルフゴルフゴルフゴルフゴルフゴルフゴルフゴルフゴルフゴルフゴルフゴルフゴルフゴルフゴルフゴルフ,2021-07-07,9:00:00,13,あの場所あの場所あの場所あの場所あの場所あの場所あの場所あの場所あの場所あの場所あの場所あの場所あの場所あの場所あの場所あの場所あの場所あの場所あの場所あの場所あの場所あの場所あの場所あの場所あの場所あの場所あの場所あの場所あの場所あの場所あの場所あの場所あの場所あの場所あの場所あの場所あの場所あの場所あの場所あの場所あの場所あの場所あの場所あの場所あの場所あの場所あの場所あの場所あの場所あの場所あの場所あの場所あの場所あの場所あの場所あの場所あの場所あの場所あの場所あの場所あの場所あの場所あの場所あの場所あの場所あの場所あの場所あの場所あの場所あの場所あの場所あの場所あの場所あの場所あの場所あの場所あの場所あの場所あの場所あの場所あの場所あの場所あの場所あの場所あの場所,7,107
102,みんなでゴルフ04,ゴルフゴルフゴルフゴルフゴルフゴルフゴルフゴルフゴルフゴルフゴルフゴルフゴルフゴルフゴルフゴルフゴルフゴルフゴルフゴルフゴルフゴルフゴルフゴルフゴルフゴルフゴルフゴルフゴルフゴルフゴルフゴルフゴルフゴルフゴルフゴルフゴルフゴルフゴルフゴルフゴルフゴルフゴルフゴルフゴルフゴルフゴルフゴルフゴルフゴルフゴルフゴルフゴルフゴルフゴルフゴルフゴルフゴルフゴルフゴルフゴルフゴルフゴルフゴルフゴルフゴルフゴルフゴルフゴルフゴルフゴルフゴルフゴルフゴルフゴルフゴルフゴルフゴルフゴルフゴルフゴルフゴルフゴルフゴルフゴルフゴルフゴルフゴルフゴルフゴルフゴルフゴルフゴルフゴルフゴルフゴルフゴルフゴルフゴルフゴルフゴルフゴルフゴルフゴルフゴルフゴルフゴルフゴルフゴルフゴルフゴルフゴルフゴルフゴルフゴルフゴルフゴルフゴルフゴルフゴルフゴルフゴルフゴルフゴルフゴルフゴルフゴルフゴルフゴルフゴルフゴルフゴルフゴルフゴルフゴルフゴルフゴルフゴルフゴルフゴルフゴルフゴルフゴルフゴルフゴルフゴルフゴルフゴルフゴルフゴルフゴルフ,2021-07-08,10:00:00,16,あの場所あの場所あの場所あの場所あの場所あの場所あの場所あの場所あの場所あの場所あの場所あの場所あの場所あの場所あの場所あの場所あの場所あの場所あの場所あの場所あの場所あの場所あの場所あの場所あの場所あの場所あの場所あの場所あの場所あの場所あの場所あの場所あの場所あの場所あの場所あの場所あの場所あの場所あの場所あの場所あの場所あの場所あの場所あの場所あの場所あの場所あの場所あの場所あの場所あの場所あの場所あの場所あの場所あの場所あの場所あの場所あの場所あの場所あの場所あの場所あの場所あの場所あの場所あの場所あの場所あの場所あの場所あの場所あの場所あの場所あの場所あの場所あの場所あの場所あの場所あの場所あの場所あの場所あの場所あの場所あの場所あの場所あの場所あの場所あの場所,7,108
103,みんなでゴルフ05,ゴルフゴルフゴルフゴルフゴルフゴルフゴルフゴルフゴルフゴルフゴルフゴルフゴルフゴルフゴルフゴルフゴルフゴルフゴルフゴルフゴルフゴルフゴルフゴルフゴルフゴルフゴルフゴルフゴルフゴルフゴルフゴルフゴルフゴルフゴルフゴルフゴルフゴルフゴルフゴルフゴルフゴルフゴルフゴルフゴルフゴルフゴルフゴルフゴルフゴルフゴルフゴルフゴルフゴルフゴルフゴルフゴルフゴルフゴルフゴルフゴルフゴルフゴルフゴルフゴルフゴルフゴルフゴルフゴルフゴルフゴルフゴルフゴルフゴルフゴルフゴルフゴルフゴルフゴルフゴルフゴルフゴルフゴルフゴルフゴルフゴルフゴルフゴルフゴルフゴルフゴルフゴルフゴルフゴルフゴルフゴルフゴルフゴルフゴルフゴルフゴルフゴルフゴルフゴルフゴルフゴルフゴルフゴルフゴルフゴルフゴルフゴルフゴルフゴルフゴルフゴルフゴルフゴルフゴルフゴルフゴルフゴルフゴルフゴルフゴルフゴルフゴルフゴルフゴルフゴルフゴルフゴルフゴルフゴルフゴルフゴルフゴルフゴルフゴルフゴルフゴルフゴルフゴルフゴルフゴルフゴルフゴルフゴルフゴルフゴルフゴルフ,2021-07-09,11:00:00,3,あの場所あの場所あの場所あの場所あの場所あの場所あの場所あの場所あの場所あの場所あの場所あの場所あの場所あの場所あの場所あの場所あの場所あの場所あの場所あの場所あの場所あの場所あの場所あの場所あの場所あの場所あの場所あの場所あの場所あの場所あの場所あの場所あの場所あの場所あの場所あの場所あの場所あの場所あの場所あの場所あの場所あの場所あの場所あの場所あの場所あの場所あの場所あの場所あの場所あの場所あの場所あの場所あの場所あの場所あの場所あの場所あの場所あの場所あの場所あの場所あの場所あの場所あの場所あの場所あの場所あの場所あの場所あの場所あの場所あの場所あの場所あの場所あの場所あの場所あの場所あの場所あの場所あの場所あの場所あの場所あの場所あの場所あの場所あの場所あの場所,7,109